Nome do Produto,Preço,Reviews,Vendedor,Vendas,Full,Url,Nota,Descricao,Quantidade Imagem
Furadeira Parafusadeira 3/8 12v + Jogo Ferramentas 300 Peças,307,(2423),Loja oficialTHE BLACK TOOLS,Novo  |  +10mil vendidos,Enviado pelo,https://click1.mercadolivre.com.br/mclics/clicks/external/MLB/count?a=FeSg64UstPb5h3Snb5WgKpxJxVU1iN47MbNHJdyud%2Bqz52S5x4qmWBIviwlWzF9dRIX7BQDkuSS4P%2FOwlje532Qac7bpa4abQzvWAJzacl8nM7Cxj0tXXvMGnmpTI6hcSgiBuRdVyg6Dm%2FQhwGpDIQU6aHCMTTznT2B0jSYMFc9kN2S%2BwvsfD7FwQ%2Fkfix%2F1%2FRjTChGUeZuYfhBzAV1ckY3Gi5Pz5RquSydoliakt58sCx2ZiJepuvcfdkQ5R0CoHx988cUbwE9z1cJFZdWot8pzaqseGEV0sJDPnQ%2BUoB%2Fy%2BgTwX%2B7pTI4%2BlPr3C%2FN8ipphOxnHfsd6XsjFkruoZ%2B2xD3P9vs3TigboblMzGQtwfGuZJgeApyQCw1B78zQA5Qi9Qx0zrC3i0JfUHYQ1nCyL60mH8BBfuZJYzWJDJ0rcWZMuz5XsBIljUM7j1gS%2BXx%2FVxc%2FRdAykgaH%2FU%2FPhqTs42pFQLALWFI6d5hd%2Bgat%2FGvn1p5%2Fj3qNZ1b9c7oHzKt5YzaYVRSFq75Z7NFGBA2y99UrbMkm61ZVnJ%2BuhoL5XgWsM0xso5eqcyII0MsugNj8%2FnPHFrE1Pvvo7NgKb66YtwV2Wv%2Fi0v7ucFRZaBQruD855CTc38fIyzSl5gWgWJEcQNeEduRf6nz58ofIbFR7Kjiayae5ZSchbSs3SaZ80K33YhUbPEJiTjSXR%2B0vrfK0OOykYOhV0o0DpCWbsAQ88sOwxlKcAK6COUFhIyBiqMRmJaf9rQdwsAXM4PplzPbENW7e3DYpGfIRPiNHHrKw%3D&rb=x#polycard_client=search-nordic&tracking_id=ddfa1591-8727-4562-bf92-d1c56cb67e88,4.6,0,6
Parafusadeira Furadeira Impacto 21v K21 Wap + Kit 300 Peças,355,(1510),Loja oficialIsmafer Ferramentas,Novo  |  +10mil vendidos,Enviado pelo,https://click1.mercadolivre.com.br/mclics/clicks/external/MLB/count?a=8K0nfIKaGg2GWNXE1tKO4OqcZ0pH%2F6Z4BqpNxuWQrLzQFpb9yzLQcJvjBzHRj7h7ogpcqtbT1suAdMxWu1R2CEZ1W%2F2o1HU1nKkPMwR5Nn0CNwwE4SjldX4s2UQmDFRJtXY4cUEc6KJbwAVAzvPT3f6Yl1zk1f1QA6R6S3aAEKXZdrpm4dQ85Us2K53kYPYNs9bU%2Fv8pLXAt%2BFVL2LOrWwkVwpOl9X%2FZ%2FhKNaaiIFqUo3kSNaFKpPg7iJQkd86XMU7iS8fKoUsRUmlzbyR6iOXt%2BgTEbINGTsY15MbkuoshpzTA2ZloCwYHYkBceawh2DO%2Be62UZn7doYlSgRP6yy08unTbhnUTxaWUhMRrEiWfaPHQCfBea4cqQW%2Buc%2FE6s1BerwPOTVVHG6BBSkWXsbKLsvmDIjT2TNpJCxdMBVGV2QOZS61wFz0v5v5MYPiWB13Y%2FxoIIQnstrW20U1lGRYrU91UfM1Br3WgBu%2BFWuUauyFomYOcMaVJl80NE0wzaM1IguVQYWYX6iVtahygjrQvkuq9H5xn6TJ7O%2F4NgvSX5%2FMk0aIiu%2FGp%2F%2FpIRHoMFWuR%2FYxjrROjZhFMO%2BxieoofSZxD5%2BgBmB9z0a%2FlxhbfQSHN2sDCaDm4%2BTJJfmCUNply82rZ3q4x1csxwSV5HlnDtofKJXXEvdrmBUDrPqsP3rC70dP4%2Byw0aKKos4ppmmUoAyoq323%2BeBlYDByXqN44vut3Zpl8FX%2B%2BqMdBdwuDsiHEvYogNkmBxjsti5dOQFn0SOtPEcz7SouJnab%2FUjUO8&rb=x#polycard_client=search-nordic&tracking_id=ddfa1591-8727-4562-bf92-d1c56cb67e88,4.7,"Distribuído por Ismafer FerramentasPARAFUSADEIRA E FURADEIRA DE IMPACTO WAP 21V 3/8""(10MM) COM BATERIA, CARREGADOR E MALETA - K21 ID02 + JOGO DE BROCAS BITS E BUCHAS COM 300 PEÇAS COM MALETAA Parafusadeira e Furadeira de Impacto 3/8"" WAP K21 ID02 é uma ferramenta excepcional que combina versatilidade e durabilidade para enfrentar uma ampla gama de projetos.Com um torque máximo de 45Nm, a Parafusadeira e Furadeira de Impacto 3/8"" WAP K21 ID02 oferece força para parafusar e perfurar com facilidade. Com um design robusto e compacto, ela é a ferramenta adequada para projetos de diferentes tamanhos e complexidades.A Parafusadeira e Furadeira de Impacto 3/8"" WAP K21 ID02 conta com um mandril de aperto rápido 3/8"" (10mm). Com 21 níveis de torque, ela permite que você ajuste a força de acordo com a tarefa específica. Além disso, o seletor de função oferece a flexibilidade de alternar entre parafusar, perfurar e perfurar com impacto, enquanto o seletor de velocidade de 2 níveis permite adaptar a velocidade de rotação conforme necessário.FICHA TÉCNICA:- Torque: 45Nm- Bateria: 2000 mAh- Mandril: 3/8""(10mm)- Cor: Amarelo e Preto- Classe de Isolação: III- Tipo de Bateria: Li-ion- Voltagem da Bateria: 21V- Índice de Proteção: IPX0- Número de Velocidades: 2- Perfuração no aço Ø: 6mm- Material: Polímeros e metais- Níveis de Torques: 20 + 1 + 1- Perfuração na madeira Ø: 20mm- Perfuração no concreto Ø: 13mm- Tempo de descarga (Min): 75 min- Tempo de carregamento: Até 5 horas- Modelo do Carregador: 0,4A Charger- Controle de Velocidade: Eletrônico- Rotações: 0 - 350rpm / 0 - 1400rpm.ACOMPANHA:01 - Clipe de cinto01 - Bateria 21V 2Ah BT0201 - Maleta de Transporte01 - Carregador 0,4A Bivolt.Marca: WAPModelo: K21 ID02Garantia: Até 12 Meses pelo fabricante.O Jogo de brocas bits e buchas com 300 peças é ideal para uso doméstico e hobby, conta com as brocas e bits e buchas nas medidas mais comuns do mercado.As Broca de concreto são feita de aço carbono com uma placa de metal duro feita de material VK8, brocas para metal de aço rápido (HSS), brocas para madeira são de aço-carbono. Bits de aço cromo vanádio, instrumentos embalados em caixa de plástico.COMPÕEM O KIT:02 - Bits fenda65 - Buchas 5mm50 - Buchas 6mm25 - Buchas 8mm16 - Buchas 10m01 - Prolongador120 - Buchas 4mm04 - Bits phillips05 - Bocas para concreto: 4, 5, 6, 8 e 10mm05 - Brocas para madeira: 4, 5, 6, 8 e 10mm07 - Brocas para metal: 2, 3, 4, 5, 6, 8 e 10mm.Garantia: Até 3 meses pelo fabricante.ACOMPANHA NO KIT:01 - Bit Phillips01 - Clipe de cinto01 - Maleta de Transporte01 - Carregador 0,4A Bivolt01 - Bateria 21V 2.0Ah BT0201 - Kit de Brocas, Bits e Buchas 300 peças01 - Parafusadeira Furadeira de Impacto K21 ID02.SKU: KIT23274_23836Distribuído por Ismafer Ferramentas",10
Furadeira Parafusadeira De Impacto 18v Bateria Bosch Gsb 183li + Jogo De Brocas Buchas 300 Peças Tmm300 The Black Tools,947,(46),Loja oficialIsmafer Ferramentas,Novo  |  +100 vendidos,0,https://www.mercadolivre.com.br/furadeira-parafusadeira-de-impacto-18v-bateria-bosch-gsb-183li-jogo-de-brocas-buchas-300-pecas-tmm300-the-black-tools/p/MLB40693173#polycard_client=search-nordic&wid=MLB3849724117&sid=search&searchVariation=MLB40693173&position=4&search_layout=grid&type=product&tracking_id=ddfa1591-8727-4562-bf92-d1c56cb67e88,4.8,"Produtos da Embalagem:- 01 Parafusadeira e Furadeira de Impacto a Bateria 18v - Gsb 183-li Bosch- 01 Jogo de Brocas e Buchas 300 Peças Tmm300 The Black ToolsDESCRIÇÃO:PARAFUSADEIRA E FURADEIRA DE IMPACTO A BATERIA 18V - GSB 183-LI BOSCHCom seu motor de 18 V, a Bosch GSB 183-LI Professional lhe dá a potência necessária onde e quando você a quiser. Esta ferramenta elétrica a bateria e altamente versátil não só aperta parafusos em madeira, mas também pode perfurar em alvenaria e metal. Projetada para a excelência, apresenta vários recursos destinados a evitar o sobreaquecimento ou a sobrecarga, garantindo uma maior duração da bateria e menos tempo desperdiçado em reparos. A GSB 183-LI Professional é compatível com todas as baterias e carregadores de 18 V Bosch Professional para maior eficiência e rentabilidade.A potente e versátil Bosch GSB 183-LI Professional apertará parafusos com diâmetro de até 10 mm em madeira e perfura com um diâmetro de até 35 mm em madeira e de até 10 mm em alvenaria e metal. Simples de operar, é ideal para comerciantes profissionais.FICHA TÉCNICA:- Posições de Torque: 20- Voltagem da Bateria: 18V- Tipo de Bateria: Li-ìon- Velocidade Variável: Sim- Corrente da Bateria: 2.0Ah- Tamanho do Mandril: 1/2""(13mm)- Impactos por Minuto: 24.000 ipm- Velocidade Máxima 1: 0 - 440rpm- Velocidade Máxima 2: 0 - 1650rpm- Torque (Suave/Duro/Máximo): 21 / 56Nm- Modos de operação: Parafusamento, perfuração com impacto.CAPACIDADE DE PERFURAÇÃO:Diâmetro Máximo em Aço: 10mmDiâmetro Máximo em Madeira: 35mm.CAPACIDADE DE PARAFUSAR:Diâmetro Máximo do parafuso: 10mm.ACOMPANHA:01 - Bateria 18V de 2.0 Ah01 - Carregador bivolt GAL 18V-2001 - Parafusadeira Furadeira de impacto GSB 183-LI.INDICADO PARA: Construções, Serralherias, Marcenarias, Montagens.FORMAS DE USO: Furar, Parafusar, Furar com percussão.Marca: BoschModelo: GSB 183-LIJOGO DE BROCAS BITS E BUCHAS COM 300 PEÇAS - The Black ToolsO Jogo de brocas bits e buchas com 300 peças da The Black Tools é ideal para uso doméstico e hobby, conta com as brocas e bits e buchas com as medidas mais comuns.As Brocas de concreto são feita de aço carbono com uma placa de metal duro feita de material VK8.VANTAGENS:- Brocas para metal de aço rápido (HSS), brocas para madeira são de aço-carbono.- Bits de aço cromo vanádio, instrumentos embalados em caixa de plástico.ACOMPANHA:- 05 Bocas para concreto: 4, 5, 6, 8 e 10 mm- 07 Brocas para metal: 2, 3, 4, 5, 6, 8 e 10 mm- 05 Brocas para madeira: 4, 5, 6, 8 e 10 mm- 01 Prolongador- 02 Bits fenda- 04 Bits phillips- 120 Buchas 4mm- 65 Buchas 5mm- 50 Buchas 6mm- 25 Buchas 8mm- 16 Buchas 10m",12
Parafusadeira Furadeira De Impacto Profissional 21v Tb21pw Com Kit Brocas E Buchas 300 Peças The Black Tools,458,(1267),Loja oficialIsmafer Ferramentas,Novo  |  +5mil vendidos,0,https://www.mercadolivre.com.br/parafusadeira-furadeira-de-impacto-profissional-21v-tb21pw-com-kit-brocas-e-buchas-300-pecas-the-black-tools/p/MLB38354932#polycard_client=search-nordic&wid=MLB3782376983&sid=search&searchVariation=MLB38354932&position=5&search_layout=grid&type=product&tracking_id=ddfa1591-8727-4562-bf92-d1c56cb67e88,4.7,"Anúncio Composto por:- 01 Furadeira The Black Tools TB-21PW a Bateria 21V- 01 Jogo De Brocas Bits E Buchas Com 300 Peças MtxFURADEIRA PARAFUSADEIRA DE IMPACTO SEM FIO A BATERIA 21V 3/8 10MM COM MALETA E ACESSÓRIOS TB-21PW 1 BATERIA - The Black ToolsA furadeira The Black Tools TB-21PW a bateria de 21V é uma ferramenta poderosa e versátil projetada para atender às necessidades de perfuração em diversos materiais;Com um design ergonômico e compacto, proporciona conforto durante o uso prolongado e facilita o manuseio em espaços restritos.APLICAÇÕES:- Ideal para perfuração em diversos materiais, como metal, madeira e plástico;- Profissionais da construção, marcenaria, bricolagem e uso doméstico.- 01 Broca de impacto multifuncional M8;- 04 Brocas helicoidais M2,3,4,5,6;- 01 Conector flexivel de 30 mm;- 01 Ponteira PH2+ST6 de 65 mm;- 01 Ponteira PH2 de 100 mm;- 01 Parafusadeira TB21PX;- 01 Carregador BIVOLT;- 02 Adaptadores;- 09 Soquetes;- 01 Bateria;- 01 Manual;- 10 Bits.FICHA TÉCNICA:- Diâmetro do mandril 3/8” 10mm (aperto rápido );- Rotação sem carga : 0-400/0-1400 RPM;- Velocidade variável e reversível ;- Indicador de carga de bateria;- Empunhadura Soft Grip;- Opção de torque 18 + 3;- Função Impacto: Sim;- Bateria de 2000 mah.;- Torque Max 35.N.M;- Tensão: Bivolt ;- Bateria extra.Marca: The Black ToolsModelo: TB-21PW+Jogo De Brocas Bits E Buchas Com 300 Peças Mtx- Descrição:O Jogo de brocas bits e buchas com 300 peças da MTX é ideal para uso doméstico e hobby, conta com as brocas e bits e buchas com as medidas mais comuns.As Broca de concreto são feita de aço carbono com uma placa de metal duro feita de material VK8, brocas para metal de aço rápido (HSS), brocas para madeira são de aço-carbono. Bits de aço cromo vanádio, instrumentos embalados em caixa de plástico.- Compõe o Jogo::: 5 Bocas para concreto: 4, 5, 6, 8 e 10 mm:: 7 Brocas para metal: 2, 3, 4, 5, 6, 8 e 10 mm:: 5 Brocas para madeira: 4, 5, 6, 8 e 10 mm:: 1 Prolongador:: 2 Bits fenda:: 4 Bits phillips:: 120 Buchas 4mm:: 65 Buchas 5mm:: 50 Buchas 6mm:: 25 Buchas 8mm:: 16 Buchas 10m",12
Furadeira De Impacto 3/8 10mm GSB450RE-300P Re 127v Bosch Com Jogo De Brocas Bits E Buchas 300 Peças The Black Tools,472,(539),Loja oficialIsmafer Ferramentas,Novo  |  +1000 vendidos,0,https://www.mercadolivre.com.br/furadeira-de-impacto-38-10mm-gsb450re-300p-re-127v-bosch-com-jogo-de-brocas-bits-e-buchas-300-pecas-the-black-tools/p/MLB40692702#polycard_client=search-nordic&wid=MLB3849831895&sid=search&searchVariation=MLB40692702&position=6&search_layout=grid&type=product&tracking_id=ddfa1591-8727-4562-bf92-d1c56cb67e88,4.7,"Produtos da Embalagem:- 01  Furadeira de Impacto 450w Bosch Gsb 450 Re 3/8""(10mm) Professional - 01 Jogo de Brocas Bits e Buchas Com 300 Peças The Black ToolsFURADEIRA DE IMPACTO 450W BOSCH GSB 450 RE 3/8""(10MM) PROFESSIONAL A Furadeira de impacto GSB 450 RE STD é uma das melhores opções para quem procura qualidade e custo benefício. Sendo superleve e confortável para se trabalhar, pesando apenas 1,2kg. A Furadeira de Impacto Bosch GSB 450 RE, com potência de 450 W, é a melhor escolha para quem busca a confiança da marca Bosch por um preço arrasador. Mais confortável, perfura alvenaria, madeira e metal, com e sem impacto, graças ao botão comutador.Realize, também, parafusamentos através da função de reversão e faça trabalhos contínuos com o auxílio do botão trava. Tudo isso com Até 2 anos de garantia e suporte da Assistência Técnica Bosch, que oferece o serviço mais rápido e barato que a concorrência.Características:- Botão-trava para usos contínuos.- Reversível, oferecendo versatilidade para furar, parafusar e desparafusar.- Botão comutador que permite configurar a máquina para perfurações com e sem impacto.- Velocidade variável, permitindo maior controle e melhor desempenho nas furações em diferentes materiais.Ficha Técnica:- Potência: 450W- Mandril: 3/8""(10mm)- Velocidade variável: Sim- Impactos por minuto: 49600ipm- Rotações(Velocidade): 0 - 3100rpm- Amplitude de aperto(min./máx.): 1 – 10mm.Capacidade de Perfuração:Ø Diâmetro máximo de perfuração em aço: 10mmØ Diâmetro máximo de perfuração em madeira: 20mmØ Diâmetro máximo de perfuração em concreto: 10mm.Marca: BoschModelo: GSB 450 REJOGO DE BROCAS BITS E BUCHAS COM 300 PEÇAS  THE BLACK TOOLSO Jogo de brocas bits e buchas com 300 peças da The Black Tools é ideal para uso doméstico e hobby, conta com as brocas e bits e buchas nas medidas mais comuns do mercado.As Broca de concreto são feita de aço carbono com uma placa de metal duro feita de material VK8, brocas para metal de aço rápido (HSS), brocas para madeira são de aço-carbono. Bits de aço cromo vanádio, instrumentos embalados em caixa de plástico.COMPÕEM O KIT:02 - Bits fenda65 - Buchas 5mm50 - Buchas 6mm25 - Buchas 8mm16 - Buchas 10m01 - Prolongador120 - Buchas 4mm04 - Bits phillips05 - Bocas para concreto: 4, 5, 6, 8 e 10mm05 - Brocas para madeira: 4, 5, 6, 8 e 10mm07 - Brocas para metal: 2, 3, 4, 5, 6, 8 e 10mm.",12
Parafusadeira e Furadeira de Impacto WAP WF 700FE Mandril de 3/8'' 700W Cinza e Amarela 110V,236,(1174),Loja oficial123 Comprou,Novo  |  +5mil vendidos,Enviado pelo,https://www.mercadolivre.com.br/parafusadeira-e-furadeira-de-impacto-wap-wf-700fe-mandril-de-38-700w-cinza-e-amarela-110v/p/MLB36576672#polycard_client=search-nordic&wid=MLB4654827016&sid=search&searchVariation=MLB36576672&position=8&search_layout=grid&type=product&tracking_id=ddfa1591-8727-4562-bf92-d1c56cb67e88,4.5,"Parafusadeira e Furadeira de Impacto WAP WF 700FE 700W 110VRealize seus projetos com precisão e eficiência com a Parafusadeira e Furadeira de Impacto WAP WF 700FE 700W 110V. Esta poderosa ferramenta oferece versatilidade e desempenho excepcional para uma variedade de tarefas de perfuração e fixação.Com um motor potente de 700W, esta parafusadeira e furadeira proporciona a potência necessária para enfrentar até mesmo os trabalhos mais desafiadores. Seja perfurando em madeira, metal ou concreto, você pode contar com o desempenho consistente e confiável da WAP WF 700FE.Além disso, com a função de impacto, esta ferramenta é capaz de perfurar materiais mais duros com facilidade, aumentando sua eficiência e produtividade. Seja para instalações domésticas, projetos de marcenaria ou reparos de automóveis, esta parafusadeira e furadeira é a escolha ideal para profissionais e entusiastas de bricolagem.Leve e ergonômica, a WAP WF 700FE oferece conforto durante longas sessões de trabalho, reduzindo a fadiga e aumentando a precisão. E com a voltagem de 110V, é compatível com a maioria das tomadas residenciais, garantindo conveniência em qualquer ambiente.Prepare-se para enfrentar seus projetos com confiança com a Parafusadeira e Furadeira de Impacto WAP WF 700FE 700W 110V, e experimente a combinação perfeita de potência, versatilidade e durabilidade em suas mãos.Características:Marca: WAPModelo: WF700FECor: cinza e amarelaPotência elétrica: 700WVoltagem: 110VMandril: 1 - 10 mm (3/8"")Número de impactos: 48.000 min-1Torque: 40 nmPerfuração - madeira / aço / concreto: 20 mm / 10 mm / 10 mmVelocidades: 2Rotações: 3000 rpmFunção impacto: simSistema de reversão: simCabo elétrico: 2 metrosClasse de proteção: IIConteúdo da embalagem:- 1 Furadeira e parafusadeira de impacto WF 700K10- 1 Manual de instruções",7
Chave De Impacto A Bateria 21v Bivolt Tb-21i The Black Tools,584,(2140),Loja oficialTHE BLACK TOOLS,Novo  |  +5mil vendidos,Enviado pelo,https://www.mercadolivre.com.br/chave-de-impacto-a-bateria-21v-bivolt-tb-21i-the-black-tools/p/MLB28530314#polycard_client=search-nordic&wid=MLB3525364839&sid=search&searchVariation=MLB28530314&position=9&search_layout=grid&type=product&tracking_id=ddfa1591-8727-4562-bf92-d1c56cb67e88,4.7,"CHAVE DE IMPACTO A BATERIA 21V BIVOLT MOTOR BRUSHLESS TB-21IA Chave de Impacto TB-21I, com encaixe de 1/2"" e 430Nm de força de torque, é uma das mais potentes da categoria, com variações de velocidade e rotações reversíveis. Ferramenta ideal para trabalhos que exigem força, rapidez e segurança em apertos e desapertos de parafusos e porcas.VANTAGENS:- Equipada com luz LED de alta visibilidade e empunhadura emborrachada, anti-deslizante, com controle reversível;- Utilização para tirar e colocar rodas de veículos médios de forma profissional;- Ferramenta de uso profissional, modelo forte, robusto e ergonômico;- Motor SEM ESCOVAS.CARACTERÍSTICAS:- O modelo SEM ESCOVAS apresenta maior confiabilidade, maior eficiência, ruído reduzido, vida útil maior, eliminação de interferência eletromagnética e eliminação de ionização do computador necessária para ligar um motor com escovas.ACOMPANHA:- 04 Soquetes: 17, 19, 21 e 22mm;- 01 Manual de instruções;- 01 Chave de Impacto;- 01 Carregador Bivolt;- 01 Bateria;- 01 Maleta.FICHA TÉCNICA:- Velocidade de rotação: 0-1900 / 0-2400 (rpm);- Indicador de carga da bateria;- Taxa de impacto: 3.000 máx.;- Bateria: 4.000 mAh;- Velocidade variável;- Motor: Brushless;- Torque: 430 Nm;- Voltagem: 21V.Marca: The Black Tools  Modelo: TB-21I  Peso: 2.8 Kg  Dimensões (AxLxP): 26,5 x 35,5 x 10,5 cm.",11
Parafusadeira Furadeira De Impacto Profissional 21v Modelo TB-21PX 2 Baterias Com Maleta The Black Tools 110/220V 60Hz Amarelo,430,(24173),Loja oficialTHE BLACK TOOLS,Novo  |  +100mil vendidos,Enviado pelo,https://www.mercadolivre.com.br/parafusadeira-furadeira-de-impacto-profissional-21v-modelo-tb-21px-2-baterias-com-maleta-the-black-tools-110220v-60hz-amarelo/p/MLB30144703#polycard_client=search-nordic&wid=MLB4400858714&sid=search&searchVariation=MLB30144703&position=10&search_layout=grid&type=product&tracking_id=ddfa1591-8727-4562-bf92-d1c56cb67e88,4.6,"A The Black Tools é uma marca comprometida com a qualidade e as necessidades do cliente. Nosso objetivo é oferecer as melhores soluções para o seu dia a dia, com um design funcional e inovador.FURADEIRA PARAFUSADEIRA DE IMPACTO SEM FIO A BATERIA 21V 3/8 10MM COM MALETA E ACESSÓRIOS TB-21PX - The Black ToolsA furadeira The Black Tools TB-21PX a bateria de 21V é uma ferramenta poderosa e versátil projetada para atender às necessidades de perfuração em diversos materiais;Com um design ergonômico e compacto, proporciona conforto durante o uso prolongado e facilita o manuseio em espaços restritos.APLICAÇÕES:- Ideal para perfuração em diversos materiais, como metal, madeira e plástico;- Profissionais da construção, marcenaria, bricolagem e uso doméstico.- 01 Broca de impacto multifuncional M8;- 04 Brocas helicoidais M2,3,4,5,6;- 01 Conector flexivel de 30 mm;- 01 Ponteira PH2+ST6 de 65 mm;- 01 Ponteira PH2 de 100 mm;- 01 Parafusadeira TB21PX;- 01 Carregador BIVOLT;- 02 Adaptadores;- 09 Soquetes;- 02 Baterias;- 01 Manual;- 10 Bits.FICHA TÉCNICA:- Diâmetro do mandril 3/8” 10mm (aperto rápido );- Rotação sem carga : 0-400/0-1400 RPM;- Velocidade variável e reversível ;- Indicador de carga de bateria;- Empunhadura Soft Grip;- Opção de torque 18 + 3;- Função Impacto: Sim;- Bateria de 2000 mah.;- Torque Max 35.N.M;- Tensão: Bivolt ;- Bateria extra.Marca:The Black ToolsModelo: TB-21PXPeso: 1.500 KgDimensões (CxLxA): 25 x 6 x 20 cm",12
Parafusadeira Furadeira Sem Fio Bateria 12v Para Madeira Metal Cor Amarelo e Preto Frequência 60 110V/220V,273,(24302),Loja oficialIsmafer Ferramentas,Novo  |  +100mil vendidos,Enviado pelo,https://www.mercadolivre.com.br/parafusadeira-furadeira-sem-fio-bateria-12v-para-madeira-metal-cor-amarelo-e-preto-frequncia-60-110v220v/p/MLB24060776#polycard_client=search-nordic&wid=MLB3616725881&sid=search&searchVariation=MLB24060776&position=11&search_layout=grid&type=product&tracking_id=ddfa1591-8727-4562-bf92-d1c56cb67e88,4.6,"A The Black Tools é uma marca comprometida com a qualidade e as necessidades do cliente. Nosso objetivo é oferecer as melhores soluções para o seu dia a dia, com um design funcional e inovador.Para quem busca praticidade e efetividade nas diversas tarefas manuais, a Parafusadeira e furadeira TB-12E 12V The Black Tools é a solução.Com design único e exclusivo The Black Tools, uma ferramenta compacta, robusta, ideal para você.Vem com mandril de aperto rápido e design ergonômico, que garante maior conforto ao utilizar.VANTAGENS:- Bivolt, opera com bateria recarregável de tecnologia lítio (Li-on), o que traz maior vida til ao produto e proporciona ter a ferramenta sempre a mão.- Somado o ajuste de velocidade, a ferramenta oferece mais produtividade e economia de tempo- Tem led indicativo de nível da bateria, que sinaliza o momento de recarregar.- O LED embutido ajuda a clarear e ter visibilidade do local de trabalho.INDICAÇÃO:- Seja para apertar ou soltar parafusos, você tem o controle através do seletor de reverso, que inverte o sentido de rotação para o uso adequado a cada necessidade.- Com seletor de torque de 18 níveis para parafusar e 1 nível para perfurar, é possível ajustar para os mais adequados tipos de trabalhos a serem realizados.- Pode ser usada para materiais como: tijolos, madeiras, cerâmicas, metais entre outros.ITENS INCLUSOS:- 01 Furadeira E Parafusadeira.- 01 Conector para bits.- 10 Bits de parafuso.- 01 Carregador.- 01 Bateria.- 04 Brocas.- 01 Maleta.- 01 Manual.CARACTERÍSTICAS:- Torque máximo (N.M): 14 (Junta Flexível) / 28 (Junta Rígida).- Diâmetro do mandril 3/8” 10mm (Aperto Rápido ).- Capacidade da Broca (mm): 10(Aço) / 25(Madeira).- Velocidade variável e reversível.- Indicador de carga de bateria.- Rotação: 0-350/0-1350 RPM.- Empunhadura Soft Grip.- 25 + 1 opção de torque.- Função Impacto: Não.- LED para iluminação.- Baterias 1300 Mah.- Voltagem Bivolt.OBSERVAÇÕES:- Brocas inclusas são para uso em aço e metal.Marca: The Black ToolsModelo: TB-12EPeso: 1 KgDimensões (CxLxA): 16,5 x 4.5 x 19.5 cm",7
Parafusadeira E Furadeira Impacto The Black Tools Tb-21pw 21v 3/8 Cor Amarelo Frequência 50/60 Hz 110v/220v,350,(2985),Vendido porTHE_BLACK_TOOLS,Novo  |  +10mil vendidos,Enviado pelo,https://www.mercadolivre.com.br/parafusadeira-e-furadeira-impacto-the-black-tools-tb-21pw-21v-38-cor-amarelo-frequncia-5060-hz-110v220v/p/MLB38053317#polycard_client=search-nordic&wid=MLB4870763570&sid=search&searchVariation=MLB38053317&position=12&search_layout=grid&type=product&tracking_id=ddfa1591-8727-4562-bf92-d1c56cb67e88,4.6,"A The Black Tools é uma marca comprometida com a qualidade e as necessidades do cliente. Nosso objetivo é oferecer as melhores soluções para o seu dia a dia, com um design funcional e inovador.PARAFUSADEIRA FURADEIRA DE IMPACTO PROFISSIONAL 21V 1 BATERIA COM MALETA TB-21PW THE BLACK TOOLSA Furadeira Parafusadeira de Impacto 21V da The Black Tools, modelo TB21PW, uma poderosa ferramenta que vai transformar suas tarefas de perfuração e parafusamento em experiências rápidas e eficientes. Ideal para uso profissional e doméstico, a TB21PW oferece desempenho superior, durabilidade e conveniência.APLICAÇÕES:- Ideal para perfuração em diversos materiais, como metal, madeira e plástico;- Profissionais da construção, marcenaria, bricolagem e uso doméstico.ITENS INCLUSOS:- 01 Broca de impacto multifuncional M8;- 04 Brocas helicoidais M2,3,4,5,6;- 01 Conector flexivel de 30 mm;- 01 Ponteira PH2+ST6 de 65 mm;- 01 Ponteira PH2 de 100 mm;- 01 Parafusadeira TB21PX;- 01 Carregador BIVOLT;- 02 Adaptadores;- 09 Soquetes;- 01 Bateria;- 01 Manual;- 10 Bits.FICHA TÉCNICA:- Diâmetro do mandril 3/8” 10mm (aperto rápido);- Rotação sem carga : 0-400/0-1400 RPM;- Velocidade variável e reversível;- Indicador de carga de bateria;- Empunhadura Soft Grip;- Opção de torque 18 + 3;- Marca: The Black Tools- Função Impacto: Sim;- Carregador: BIVOLT- Bateria: 2.000mAh- Modelo: TB21PW- Voltagem: 21VMarca:The Black ToolsModelo: TB-21PWPeso: 1.300 KgDimensões (CxLxA): 25 x 6 x 20 cm",8
"Parafusadeira e Furadeira de Impacto 3/8"" WAP K21 ID02 2000 mAh Bivolt",412,(9654),Loja oficialIsmafer Ferramentas,Novo  |  +10mil vendidos,Enviado pelo,https://www.mercadolivre.com.br/parafusadeira-e-furadeira-de-impacto-38-wap-k21-id02-2000-mah-bivolt/p/MLB28765604#polycard_client=search-nordic&wid=MLB4287759534&sid=search&searchVariation=MLB28765604&position=13&search_layout=grid&type=product&tracking_id=ddfa1591-8727-4562-bf92-d1c56cb67e88,4.7,"A Parafusadeira e Furadeira de Impacto WAP K21 ID02 é uma ferramenta versátil e robusta, projetada para enfrentar projetos de diferentes tamanhos. Com torque máximo de 45 Nm e mandril de aperto rápido de 3/8"" (10mm), oferece 21 níveis de torque, permitindo ajuste preciso para cada tarefa. Seu seletor de função permite alternar entre parafusar, perfurar e perfurar com impacto, enquanto o seletor de dois níveis de velocidade adapta a rotação conforme necessário.Com design ergonômico e clip para cinto, proporciona conforto e praticidade. A bateria de 21V removível garante longa duração e é compatível com outros produtos WAP, ampliando sua versatilidade. Além disso, a luz de LED integrada oferece melhor visibilidade em áreas de difícil acesso.Ideal para uso em madeira (até 20mm), aço (até 6mm) e concreto (até 13mm), a WAP K21 ID02 combina eficiência e controle, sendo uma escolha excelente tanto para projetos residenciais quanto profissionais, mantendo a qualidade e desempenho característicos da marca WAP.Cor: Amarelo e PretoMaterial: Polímeros e metaisAutonomia de bateria: Até 45 minTempo de carregamento: Até 5 horasTempo de descarga (Min) 75 minBateria: 2000 mAhTipo de Bateria: Li-ionTensão da Bateria: 21 VDCModelo do Carregador: 0,4A ChargerÍndice de Proteção: IPX0Classe de Isolação: IIIFrequência: 50/60 HzNúmero de Velocidades: 2Rotações: 0-350 / 0-1400 rpm /min - 1Mandril: 3/8"" (10 mm)Torque: 45 NmNíveis de Torques: 20 + 1 + 1Controle de Velocidade: EletrônicoPerfuração na madeira Ø: 20 mmPerfuração no aço Ø: 6 mmPerfuração no concreto Ø: 13 mm",12
Parafusadeira Furadeira The Black Tools TB12A 3/8 Bivolt a Bateria 12v Cor Amarelo Frequência 60Hz,137,(21403),Loja oficialTHE BLACK TOOLS,Novo  |  +50mil vendidos,Enviado pelo,https://www.mercadolivre.com.br/parafusadeira-furadeira-the-black-tools-tb12a-38-bivolt-a-bateria-12v-cor-amarelo-frequncia-60hz/p/MLB24076624#polycard_client=search-nordic&wid=MLB3371578831&sid=search&searchVariation=MLB24076624&position=15&search_layout=grid&type=product&tracking_id=ddfa1591-8727-4562-bf92-d1c56cb67e88,4.7,"A The Black Tools é uma marca comprometida com a qualidade e as necessidades do cliente. Nosso objetivo é oferecer as melhores soluções para o seu dia a dia, com um design funcional e inovador.PARAFUSADEIRA FURADEIRA 3/8 10MM SEM FIO BATERIA 12V BIVOLT TB-12A  - The Black ToolsA Parafusadeira/Furadeira The Black Tools TB12A tem design ergonômico, mandril de 3/8"" e luz de LED para iluminação, ideal para alcançar cantos menores e com pouca luz;Conta com rotação (sem carga) de 0-350RPM, velocidade variável e reversível e torque máximo de 19Nm.VANTAGENS:- É ideal para trabalhos leves de perfurações em diversos materiais como tijolo, madeira, metal, cerâmica, plástico, etc;- Exerce a função de aperto e retirada de parafusos e porcas;- LED para iluminação.ITENS INCLUSOS:- 01 Furadeira e Parafusadeira TB12A;- 01 Carregador;- 01 Bit PH2;- 01 Bateria;- 01 Manual.CARACTERÍSTICAS:- Capacidade da Broca (mm): 10(Aço)/25(Madeira);- Diâmetro do mandril 3/8” 10mm (aperto rápido );- Velocidade variável e reversível;- Bateria De Lítio 12V;- LED para iluminação;- Rotação: 0-350 RPM;- Torque Max 19.N.m;- Baterias 1300 mah;- Voltagem Bivolt.Marca: The Black ToolsModelo: TB-12APeso: 940 gDimensões (CxLxP): 19,5 x 16,5 x 4,5 cm",5
Parafusadeira sem fio de 10mm Titanium 05625 com accesorio 127/220V,319,(1479),Loja oficialCasa das Serras,Novo  |  +5mil vendidos,Enviado pelo,https://www.mercadolivre.com.br/parafusadeira-sem-fio-de-10mm-titanium-05625-com-accesorio-127220v/p/MLB18716541#polycard_client=search-nordic&wid=MLB4819119434&sid=search&searchVariation=MLB18716541&position=16&search_layout=grid&type=product&tracking_id=ddfa1591-8727-4562-bf92-d1c56cb67e88,4.4,"Parafusadeira 21v Bateria Bivolt Titanium C/maletaDescrição do produto:Parafusadeira 3/8 pol com 2 baterias 21,0V 1,5Ah Bivolt Carbon Titanium - 05625A Parafusadeira 3/8"" pol. (10mm) a bateria possui botão de sentido horário e anti-horário de rotação e mandril de aperto rápido com ajuste de torque/perfuração.Com LUZ LED para melhor visibilidade, seletor de reversão da rotação e interruptor de acionamento.Especificações Técnicas:- 2 baterias de 21v li-ion 1.5 amperes.- Regulagem de velocidade.- 25 posições de torque.- Luz de led.- Freio eixo.- Rpm 0-400/ 0-1400.- Carregador rápido bivolt.- 2 ponteiras.Imagens meramente ilustrativas.",7
Parafusadeira e Furadeira a Bateria 12v Bivolt Pfv120 Vonder com 1 Bateria,234,(4628),0,0,Enviado pelo,https://www.mercadolivre.com.br/parafusadeira-e-furadeira-a-bateria-12v-bivolt-pfv120-vonder-com-1-bateria/p/MLB19850623#polycard_client=search-nordic&wid=MLB4430277130&sid=search&searchVariation=MLB19850623&position=20&search_layout=grid&type=product&tracking_id=ddfa1591-8727-4562-bf92-d1c56cb67e88,4.8,0,0
Furadeira Parafusadeira Sem Fio De 10mm Philco Ppf12m 12v + Acessório 110v/220v,248,(1950),Vendido porISMAFER,Novo  |  +5mil vendidos,Enviado pelo,https://www.mercadolivre.com.br/furadeira-parafusadeira-sem-fio-de-10mm-philco-ppf12m-12v-acessorio-110v220v/p/MLB37741420#polycard_client=search-nordic&wid=MLB4791040280&sid=search&searchVariation=MLB37741420&position=26&search_layout=grid&type=product&tracking_id=ddfa1591-8727-4562-bf92-d1c56cb67e88,4.8,"PARAFUSADEIRA PHILCO FORCE PPF12M SPEED CONTROL 1300MAHProcurando praticidade e versatilidade para seus projetos? A Parafusadeira Philco Force PPF12M Speed Control é a ferramenta ideal para você!Com bateria de lítio de 12V e 1300mAh, ela oferece autonomia e alto desempenho para parafusar e furar diversos materiais.Sua área magnética facilita o acesso aos parafusos, enquanto o mandril de 10mm com aperto rápido garante agilidade na troca de brocas. O gatilho com speed control permite ajustar a velocidade de acordo com a necessidade, proporcionando mais precisão em suas tarefas.DADOS TÉCNICOS:- Funções parafusadeira e furadeira- Bateria de Lítio 12V 1300mAh recarregável- Carregador bivolt automático 500mA- 23 posições de torque na função parafusadeira- Gatilho de acionamento com velocidade variável (speed control)- Velocidade de até 800RPM- Reversão de rotação- Trava de segurança contra acionamento acidental- Mandril de aperto rápido de 10mm (3/8”). Ajuste de 0,8mm até 10mm- Pega emborrachada- Presilha para pendurar no cinto- Área magnética, serve como suporte para bits, parafusos entre outras peças metálicas- Lanterna Led para auxiliar nas montagens- Acompanha maleta com acessórios- Indicador de carga de bateria.Marca: PHILCOModelo: PPF12MGarantia: 360 dias pelo FabricanteDimensões do produto(AxLxC): 18,5cm x 19,5cm x 7,5cmPeso: 1,14 Kg",6
Parafusadeira E Furadeira Sem Fio 2 Bateria 21v 3/8 10mm Maleta Grz-21pb Gorillaz Com Kit Brocas Bits E Buchas 300 Peças,399,(879),Loja oficialIsmafer Ferramentas,Novo  |  +5mil vendidos,Enviado pelo,https://www.mercadolivre.com.br/parafusadeira-e-furadeira-sem-fio-2-bateria-21v-38-10mm-maleta-grz-21pb-gorillaz-com-kit-brocas-bits-e-buchas-300-pecas/p/MLB42687350#polycard_client=search-nordic&wid=MLB3899017001&sid=search&searchVariation=MLB42687350&position=31&search_layout=grid&type=product&tracking_id=ddfa1591-8727-4562-bf92-d1c56cb67e88,4.6,"Produtos da Embalagem:- 01 Parafusadeira Furadeira 10mm 3/8 Com 2 Baterias 21v Bivolt Grz-21pb Gorillaz- 01 Jogo de brocas bits e buchas com 300 peçasDESCRIÇÃO:PARAFUSADEIRA FURADEIRA 10MM 3/8 COM 2 BATERIAS 21V BIVOLT GRZ-21PB GORILLAZDESCRIÇÃO:A Parafusadeira Furadeira 10mm 3/8 GRZ-21PB da Gorillaz é uma ferramenta versátil e potente que traz praticidade e eficiência para seus projetos. Equipada com duas baterias de lítio de 21V e mandril de 3/8"" (10mm), é ideal para atividades de perfuração e fixação em uma variedade de materiais, incluindo metal, madeira e plástico. A empunhadura Soft Grip e a velocidade variável proporcionam controle e conforto, enquanto o modo reversível e o torque máximo de 30 Nm oferecem desempenho superior.VANTAGENS:- Empunhadura Soft Grip, garantindo conforto durante o uso.- Funções múltiplas: furar, parafusar e furar com impacto.- Velocidade variável e reversível para maior precisão.- Potência de 21V com torque máximo de 30 Nm.- Duas baterias para maior autonomia de uso.IDEAL PARA:- Perfuração em diferentes materiais como metal, madeira e plástico.- Profissionais e entusiastas em construção e marcenaria.- Uso doméstico e projetos de bricolagem.FICHA TÉCNICA:- Funções: Furar, Parafusar, Furar com Impacto- Velocidade: 0 - 480 / 0 - 1480 RPM- Velocidade: Variável e reversível- Empunhadura: Soft Grip- Torque Máximo: 30 Nm- Mandril: 3/8 (10mm)- Bateria: 21V LítioCONTEÚDO DA EMBALAGEM:- 01 Parafusadeira Furadeira a Bateria- 01 Carregador Bivolt (110V/220V)- 01 Manual de Instruções- 01 Maleta de Transporte- 02 Baterias 21V LítioCUIDADOS:- Evite quedas para preservar a durabilidade da ferramenta.- Armazene em local seco e seguro após o uso.- Utilize apenas o carregador original.Marca: GorillazModelo: GRZ-21PBJOGO DE BROCAS BITS E BUCHAS COM 300 PEÇASO Jogo de brocas bits e buchas com 300 peças é ideal para uso doméstico e hobby, conta com as brocas e bits e buchas com as medidas mais comuns.As Broca de concreto são feita de aço carbono com uma placa de metal duro feita de material VK8, brocas para metal de aço rápido (HSS), brocas para madeira são de aço-carbono. Bits de aço cromo vanádio, instrumentos embalados em caixa de plástico.- Compõe o Jogo::: 5 Bocas para concreto: 4, 5, 6, 8 e 10 mm:: 7 Brocas para metal: 2, 3, 4, 5, 6, 8 e 10 mm:: 5 Brocas para madeira: 4, 5, 6, 8 e 10 mm:: 1 Prolongador:: 2 Bits fenda:: 4 Bits phillips:: 120 Buchas 4mm:: 65 Buchas 5mm:: 50 Buchas 6mm:: 25 Buchas 8mm:: 16 Buchas 10m",9
Furadeira De Impacto 3/8 10mm Gsb450 Re 220v Bosch Com Jogo De Brocas Bits E Buchas 300 Peças The Black Tools,576,(539),Loja oficialIsmafer Ferramentas,Novo  |  +1000 vendidos,Enviado pelo,https://www.mercadolivre.com.br/furadeira-de-impacto-38-10mm-gsb450-re-220v-bosch-com-jogo-de-brocas-bits-e-buchas-300-pecas-the-black-tools/p/MLB40832800#polycard_client=search-nordic&wid=MLB3852053557&sid=search&searchVariation=MLB40832800&position=34&search_layout=grid&type=product&tracking_id=ddfa1591-8727-4562-bf92-d1c56cb67e88,4.7,"Produtos da Embalagem:- 01  Furadeira de Impacto 450w Bosch Gsb 450 Re 3/8""(10mm) Professional - 01 Jogo de Brocas Bits e Buchas Com 300 Peças  The Black ToolsFURADEIRA DE IMPACTO 450W BOSCH GSB 450 RE 3/8""(10MM) PROFESSIONAL A Furadeira de impacto GSB 450 RE STD é uma das melhores opções para quem procura qualidade e custo benefício. Sendo superleve e confortável para se trabalhar, pesando apenas 1,2kg. A Furadeira de Impacto Bosch GSB 450 RE, com potência de 450 W, é a melhor escolha para quem busca a confiança da marca Bosch por um preço arrasador. Mais confortável, perfura alvenaria, madeira e metal, com e sem impacto, graças ao botão comutador.Realize, também, parafusamentos através da função de reversão e faça trabalhos contínuos com o auxílio do botão trava. Tudo isso com Até 2 anos de garantia e suporte da Assistência Técnica Bosch, que oferece o serviço mais rápido e barato que a concorrência.Características:- Botão-trava para usos contínuos.- Reversível, oferecendo versatilidade para furar, parafusar e desparafusar.- Botão comutador que permite configurar a máquina para perfurações com e sem impacto.- Velocidade variável, permitindo maior controle e melhor desempenho nas furações em diferentes materiais.Ficha Técnica:- Potência: 450W- Mandril: 3/8""(10mm)- Velocidade variável: Sim- Impactos por minuto: 49600ipm- Rotações(Velocidade): 0 - 3100rpm- Amplitude de aperto(min./máx.): 1 – 10mm.Capacidade de Perfuração:Ø Diâmetro máximo de perfuração em aço: 10mmØ Diâmetro máximo de perfuração em madeira: 20mmØ Diâmetro máximo de perfuração em concreto: 10mm.Marca: BoschModelo: GSB 450 REJOGO DE BROCAS BITS E BUCHAS COM 300 PEÇAS  THE BLACK TOOLSO Jogo de brocas bits e buchas com 300 peças da The Black Tools é ideal para uso doméstico e hobby, conta com as brocas e bits e buchas nas medidas mais comuns do mercado.As Broca de concreto são feita de aço carbono com uma placa de metal duro feita de material VK8, brocas para metal de aço rápido (HSS), brocas para madeira são de aço-carbono. Bits de aço cromo vanádio, instrumentos embalados em caixa de plástico.COMPÕEM O KIT:02 - Bits fenda65 - Buchas 5mm50 - Buchas 6mm25 - Buchas 8mm16 - Buchas 10m01 - Prolongador120 - Buchas 4mm04 - Bits phillips05 - Bocas para concreto: 4, 5, 6, 8 e 10mm05 - Brocas para madeira: 4, 5, 6, 8 e 10mm07 - Brocas para metal: 2, 3, 4, 5, 6, 8 e 10mm.",12
Parafusadeira Furadeira De Impacto Profissional 21V 3/8 10mm Philco PPF21MF Com Maleta e 74 Acessórios Azul,443,(657),Loja oficialIsmafer Ferramentas,Novo  |  +1000 vendidos,Enviado pelo,https://www.mercadolivre.com.br/parafusadeira-furadeira-de-impacto-profissional-21v-38-10mm-philco-ppf21mf-com-maleta-e-74-acessorios-azul/p/MLB29078330#polycard_client=search-nordic&wid=MLB3546822459&sid=search&searchVariation=MLB29078330&position=37&search_layout=grid&type=product&tracking_id=ddfa1591-8727-4562-bf92-d1c56cb67e88,4.7,"Furadeira Parafusadeira De Impacto 21V Sem Fio 3/8 10mm Philco PPF21MF Com Maleta e AcessóriosA Parafusadeira Philco PPF21MF garante maior praticidade e eficiência em seus trabalhos.Ela possui a função parafusadeira, furadeira e furadeira com impacto. Conta com bateria com lítio 21V 1500mAh de grande autonomia, duração e com carregamento rápido, ou seja, perfeita para trabalhos mais longos. Também mandril de aperto rápido com 10mm, 21 posições de torque na função parafusadeira e Speed Control, gatilho com velocidade variável.Sem falar que a Parafusadeira Philco acompanha Maleta para você armazenar o produto e organizar demais acessórios, e bit duplo fenda e philips. Bivolt, você pode levar a Parafusadeira para diferentes lugares e realizar seus trabalhos sem preocupações e com muito mais rapidez.Potência e robustez. Tem coisas que só a Philco faz pra você.Características:- Reversão de rotação.- Indicador de carga de bateria.- Presilha para pendurar no cinto.- Lanterna Led para auxiliar em montagens.- Gatilho de acionamento com velocidade variável.- Trava de segurança contra acionamento acidental.- Função parafusadeira, furadeira e furadeira com impacto.- Carregador rápido bivolt de 1,5A, carrega a bateria em até 60min.- Pega emborrachada com acabamento texturizado para melhor aderência.Ficha Técnica:- Torque máximo: 25Nm- Voltagem da Bateria: 21V- Amperagem da Bateria: 1,5Ah- Impactos por minuto: 21000ipm- Tamanho do Mandril: 3/8""(10mm)- Quantidade de posições de Torque: 21- Velocidade 1: 0-400RPM e Velocidade 2: 0-1500RPM.Acompanha:01 - Carregador Bivolt01 - Maleta de Transporte06 - Brocas para Metal04 - Brocas para Parede06 - Brocas para Madeira02 - Brocas Chatas (12mm, 16mm)04 - Soquetes para parafusadeira40 - Bits diversos10 - Bits longos01 - adaptador para bits01 - Maleta",10
Parafusadeira/furadeira C/ Impacto Vonder 12v Bivolt Pfv120i,315,(9498),Loja oficialDutra Maquinas,Novo  |  +10mil vendidos,Enviado pelo,https://www.mercadolivre.com.br/parafusadeirafuradeira-c-impacto-vonder-12v-bivolt-pfv120i/p/MLB24605590#polycard_client=search-nordic&wid=MLB3402368963&sid=search&searchVariation=MLB24605590&position=40&search_layout=grid&type=product&tracking_id=ddfa1591-8727-4562-bf92-d1c56cb67e88,4.7,"- Possui regulagem para 18 posições de torque e velocidade variável (2 velocidades).- Contém 3 funções de operação: parafusadeira, furadeira sem impacto e furadeira com impacto.- Conta ainda com LED para melhor visibilidade do local de trabalho, indicador de carga da bateria, cabo com revestimento emborrachado proporcionando maior conforto ao operador, bateria de íons de lítio que confere alta eficiência de operação, além de fonte de alimentação bivolt automático com tensão de entrada de 100 V~ - 240 V~.- Indicada para soltar e apertar parafusos de até 6 mm de diâmetro e fazer furos em madeiras, metais e/ou alvenaria.- Acompanha acessórios encaixados perfeitamente na maleta, conferindo organização, praticidade e maior vida útil.- Tempo de carregamento da bateria: 3 a 5 horas.# Informações Técnicas- Modelo: PFV 120I- Bateria: 12 V - 1,3 Ah - Íons de lítio- Tensão do carregador de bateria: 100 V~ - 240 V~ - Bivolt automático- Frequência: 50 Hz/60 Hz- Tipo de mandril: Aperto rápido- Capacidade do mandril: 3/8"" - 10,0 mm- Sistema de reversão: Sim- Tipo de velocidade: Variável (2 velocidades)- Rotações por minuto (rpm): 0 - 400/min / 0 - 1.400/min- Impactos por minuto (ipm): 0 - 21.000/min- Capacidade máxima de perfuração em aço: 10 mm- Capacidade máxima de perfuração em madeira: 16 mm- Capacidade de furação no concreto/alvenaria: 10 mm- Aceleração transmitida nas mãos - braços do operador - ah: 9,5 m/s²- Incerteza da aceleração transmitida nas mãos - braços do operador - k: 1,5 m/s²- Segue norma: ABNT NBR IEC 60745-1, ABNT NBR IEC 60745-2-1 e ABNT NBR IEC 60745-2-2- Massa aproximada (peso): 1,075 kg# Conteúdo da Embalagem- 1 Parafusadeira/furadeira.- 1 maleta plástica,- 1 bateria 12 V - 1,3 Ah,- 1 fonte de alimentação,- 6 brocas (1,5 mm, 2,5 mm, 3 mm, 4 mm, 5 mm, 6 mm),- 6 bits (fenda 5 mm e 6 mm, PZ1, PZ2, PH1, PH2) e- 1 prolongador 60 mm.",10
Parafusadeira e Furadeira a Bateria WAP BPF 12K3 12V Com Maleta Bivolt,240,(58266),Vendido porISMAFER,Novo  |  +250mil vendidos,Enviado pelo,https://www.mercadolivre.com.br/parafusadeira-e-furadeira-a-bateria-wap-bpf-12k3-12v-com-maleta-bivolt/p/MLB19141467#polycard_client=search-nordic&wid=MLB3462422742&sid=search&searchVariation=MLB19141467&position=23&search_layout=grid&type=product&tracking_id=ddfa1591-8727-4562-bf92-d1c56cb67e88,4.7,"Parafusadeira e furadeira 12V BPF 12K3. Pronta para usar a qualquer hora.Para quem busca praticidade e eficiência nas diversas tarefas manuais, a parafusadeira e furadeira 12V BPF 12K3 é a solução ideal. Com design exclusivo WAP, é uma ferramenta compacta, porém robusta, ideal para pequenas reformas e manutenção do lar.É bivolt e opera com bateria compacta recarregável de tecnologia lítio (Li-Íon), o que traz maior vida útil ao produto e proporciona a mobilidade de ter a ferramenta sempre a mão. Ainda conta com led indicativo de nível da bateria, que sinaliza quando é o momento de recarregar.Seja para apertar ou soltar parafusos, você tem o controle através do seletor de reverso, que inverte o sentido de rotação para o uso adequado a cada necessidade. Com seletor de torque de 18 níveis para parafusar e 1 nível para perfurar, é possível ajustar os parâmetros mais adequados para o trabalho a ser realizado. Somado ao ajuste de velocidade por pressão no gatilho, a ferramenta oferece muito mais produtividade e economia de tempo.A parafusadeira e furadeira 12V BPF 12K3 é um produto indicado para uso residencial e tem ótimo desempenho nas mais diversas tarefas. Vem com mandril de aperto rápido e design ergonômico, que garante maior conforto ao utilizar. Já o LED embutido no produto ajuda na melhor visibilidade do local de trabalho.Ainda acompanha maleta completa com acessórios para facilitar o uso com a ferramenta.FICHA TÉCNICA:- TENSÃO DO CARREGADOR: Bivolt (Carregador);- COR: Amarelo com Preto;- FREQUÊNCIA: 60 Hz;- TIPO DA BATERIA: Li-Íon (lítio);- TENSÃO DA BATERIA: 12 VDC;- CAPACIDADE DA BATERIA: 1500 mAh;- TEMPO DE CARREGAMENTO: 3 a 5 horas;- MOTOR: Universal / Escova;- VELOCIDADES: 18 (parafusadeira) + 1 (perfuração);- CONTROLE DE VELOCIDADE: Sim (Controlada por pressão no gatilho);- ROTAÇÕES: 0 - 740 rpm;- TORQUE: 17 Nm (1,7 kgf.m);- ÍNDICE DE PROTEÇÃO: IPX0;- MANDRIL:  3/8” - 10 mm;- PERFURAÇÃO NA MADEIRA: 20 mm Ø;- PERFURAÇÃO NO AÇO: 6 mm Ø;- CUBAGEM: 0,0032 m³;- EMPILHAMENTO MÁXIMO: 6;- DIMENSÕES DO PRODUTO (CxLxA): 21,5 x 6,9 x 19 cm;- PESO LÍQUIDO: 1,1 Kg;- DIMENSÕES DA EMBALAGEM (CxLxA): 20 x 7 x 23 cm;- PESO BRUTO: 1,6 Kg;CONTEÚDO DA EMBALAGEM: - Parafusadeira e furadeira WAP BPF 12K3 ;- Bateria 12V; - Maleta;- Acessórios; - Manual de Instruções;COMPONENTES:- Maleta;- Mandril 3/8"" (10 mm);- LED de Iluminação;- Indicador de Carga de Bateria (30%, 70%, 100%);- Seletor de Torque com 18 níveis de aperto e 1 função de furação;- Seletor reverso.A parafusadeira e furadeira 12V BPF 12K3 é um produto indicado para uso residencial e tem ótimo desempenho nas mais diversas tarefas. Vem com mandril de aperto rápido e design ergonômico, que garante maior conforto ao utilizar. Já o LED embutido no produto ajuda na melhor visibilidade do local de trabalho.",12
Parafusadeira Furadeira 12v A Bateria Tb-12e Bivolt The Black Tools E Jogo De Brocas Bits E Buchas 300 Peças,307,(416),Loja oficialTHE BLACK TOOLS,Novo  |  +1000 vendidos,Enviado pelo,https://www.mercadolivre.com.br/parafusadeira-furadeira-12v-a-bateria-tb-12e-bivolt-the-black-tools-e-jogo-de-brocas-bits-e-buchas-300-pecas/p/MLB38620450#polycard_client=search-nordic&wid=MLB4936080248&sid=search&searchVariation=MLB38620450&position=28&search_layout=grid&type=product&tracking_id=ddfa1591-8727-4562-bf92-d1c56cb67e88,4.7,"PARAFUSADEIRA E FURADEIRA 12V LÍTIO TB-12E - THE BLACK TOOLSA parafusadeira e furadeira TB12E 12V The Black Tools é a solução para quem busca praticidade e efetividade nas diversas tarefas manuais. VANTAGENS: - Bivolt, opera com bateria recarregável de tecnologia lítio (Li-on).- Ajuste de velocidade para maior produtividade.- LED indicativo de nível da bateria.- LED embutido para melhor visibilidade do local de trabalho.INDICAÇÃO:- Controle através do seletor de reverso.- Seletor de torque de 18 níveis para parafusar e 1 nível para perfurar.- Adequada para materiais como tijolos, concretos, pedras, madeiras, cerâmicas, metais, entre outros.ITENS INCLUSOS:- 01 Furadeira E Parafusadeira.- 01 Conector para bits.- 10 Bits de parafuso.- 01 Carregador.- 01 Bateria.- 04 Brocas.- 01 Maleta.- 01 Manual.CARACTERÍSTICAS:- Torque máximo (N*M): 14 (junta flexível)/28 (junta rígida).- Capacidade da Broca (mm): 10(Aço)/25(Madeira).- Diâmetro do mandril 3/8” 10mm (aperto rápido).- Rotação: 0-350/0-1350 RPM.- Baterias 1300 mah.- Velocidade variável e reversível.- Indicador de carga de bateria.- 25 + 1 opção de torque.- Empunhadura Soft Grip.- LED para iluminação.- Voltagem Bivolt.+JOGO DE BROCAS BITS E BUCHAS COM 300 PEÇAS - The Black ToolsO Jogo de brocas bits e buchas com 300 peças da The Black Tools é ideal para uso doméstico e hobby, conta com as brocas e bits e buchas com as medidas mais comuns.VANTAGENS:- Brocas para metal de aço rápido (HSS), brocas para madeira de aço-carbono.- Bits de aço cromo vanádio, instrumentos embalados em caixa de plástico.ACOMPANHA:- 05 Bocas para concreto: 4, 5, 6, 8 e 10 mm.- 07 Brocas para metal: 2, 3, 4, 5, 6, 8 e 10 mm.- 05 Brocas para madeira: 4, 5, 6, 8 e 10 mm.- 01 Prolongador.- 02 Bits fenda.- 04 Bits phillips.- 120 Buchas 4mm.- 65 Buchas 5mm.- 50 Buchas 6mm.- 25 Buchas 8mm.- 16 Buchas 10mm.",10
Furadeira parafusadeira sem fio de 10mm Mondial FPF-06M + accesorio com maleta de transporte 127/220V 50Hz/60Hz,242,(18754),Loja oficialIsmafer Ferramentas,Novo  |  +250mil vendidos,Enviado pelo,https://www.mercadolivre.com.br/furadeira-parafusadeira-sem-fio-de-10mm-mondial-fpf-06m-accesorio-com-maleta-de-transporte-127220v-50hz60hz/p/MLB16452948#polycard_client=search-nordic&wid=MLB2986518633&sid=search&searchVariation=MLB16452948&position=36&search_layout=grid&type=product&tracking_id=ddfa1591-8727-4562-bf92-d1c56cb67e88,4.7,"Furadeira Parafusadeira 3/8"" bat. 12V c/ acess. Mondial biv.Voltagem: 110V/220VDimensões (C x L x A): 20 x 7 x 22 centímetrosPeso: 1.00 KgA Furadeira Parafusadeira com bateria de 12 volts Modelo FPF-06M da Mondial é a 2 em 1 que faltava nos seus projetos! Você pode furar e parafusar com a mesma ferramenta e tem a liberdade de realizar seus projetos em locais de diferentes voltagens, já que o carregamento de sua bateria é Bivolt.Além disso, a Furadeira e Parafusadeira tem bateria recarregável de 12V e de Íon Lítio, material que garante durabilidade. A ferramenta vem acompanhada de maleta, bateria, carregador e 13 acessórios.Saiba mais sobre a FPF-06M:• 2 EM 1: Furadeira + Parafusadeira numa só ferramenta.BATERIA 12V RECARREGÁVEL: Sem fio e portátil de verdade! A Furadeira e Parafusadeira possui Bateria Recarregável de 12V e de Íon Lítio, o que garante maior durabilidade.BIVOLT: A ferramenta é Bivolt e pode ser recarregada tanto em tomadas de 127V, quanto em 220V. Tenha a liberdade de realizar seus projetos em qualquer lugar, independente da voltagem!MANDRIL PARA MAIOR PRECISÃO: Seu mandril de 10 mm (3/8"") é de aperto rápido, ou seja, é mais prático para iniciar o trabalho e trocar brocas.VELOCIDADE VARIÁVEL E REVERSÍVEL: A ferramenta tem Velocidade Variável e Reversível, o que facilita o uso em diferentes tipos de materiais, como madeira, aço e até concreto.CONTROLE DE TORQUE: 16 POSIÇÕES: Com o controle de torque, você tem 16 diferentes níveis e consegue furar e parafusar com a intensidade que preferir.MALETA COM 13 ACESSÓRIOS: A FPF-06M vem acompanhada de maleta com acessórios: 6 bits, 6 brocas e 1 prolongador. A maleta facilita o armazenamento e transporte das peças.LANTERNA LED: Uma forte aliada até no escuro! A ferramenta possui Lanterna Led e permite realizar projetos até em locais com pouca luminosidade.Especificações Técnicas:Sem fio: SimAlimentação: Bateria recarregávelVoltagem da bateria: 12vTipo da bateria: Litio Ion 1300 mAhIndicador de nível de bateria: SimFunção furadeira: SimFunção furadeira com impacto: NãoMandril: 10mm (3/8"")Mandril de aperto rápido: SimVelocidades0-650 RPMVelocidade variável e reversível: SimCapacidade: 1/32"" - 3/8"" (0.8mm - 10mm)Torque: 10 NmControle de torque: 16 posiçõesEstrutura emborrachada: SimMaleta: SimAplicações: Aço, Concreto e MadeiraTensão do carregador: Bivolt AutomáticoCabo de energia: 1,80m.Itens Inclusos:Maleta,1 Carregador,1 Bateria,6 bits,1 Prolongador,6 Brocas para madeira.",12
Furadeira De Impacto Gsb 450 Re 450w 3/8pol 220v Bosch,278,(11694),Loja oficialInter Level Brasil,Novo  |  +10mil vendidos,Enviado pelo,https://www.mercadolivre.com.br/furadeira-de-impacto-gsb-450-re-450w-38pol-220v-bosch/p/MLB15502197#polycard_client=search-nordic&wid=MLB4043401056&sid=search&searchVariation=MLB15502197&position=38&search_layout=grid&type=product&tracking_id=ddfa1591-8727-4562-bf92-d1c56cb67e88,4.7,"Furadeira de Impacto GSB-450RE, com potência de 450W, é mais confortável, com apenas 1,2Kg, perfura alvenaria, madeira e metal, com e sem impacto, graças ao botão comutador. Realiza, também, parafusamentos através da função de reversão e faça trabalhos contínuos com o auxílio do botão trava. Extremamente compacto para trabalhar em locais estreitos e acima da cabeça. Peso reduzido de apenas 1,2 kg para trabalhar sem fadiga. Dados TécnicosPotência nominal absorvida: 450WN° de rotações em vazio: 0 – 3.100 RPMMandril de encaixe do veio da broca: 3/8” - 24 UNFAmplitude de aperto, min./máx.: 1 – 10mmN° máx. de impactos em vazio: 0 – 49.600 IPMFaixa de perfuração:- Diâmetro de perfuração em concreto: 10mm- Diâmetro de perfuração em madeira: 20mm- Diâmetro de perfuração em aço: 10mmValores totais de vibração (Perfurar metal):- Valor de emissão de vibrações ah: 4,9m/s²- Incerteza K: 1,5m/s²Valores totais de vibração (Perfurar com percussão em concreto):- Valor de emissão de vibrações ah: 11,7m/s²- Incerteza K: 1,5m/s²Peso: 1,2 kgConteúdoFuradeira de Impacto GSB 450 RE 450W 3/8POL BOSCH",7
Furadeira de Impacto GSB 450 RE 450W 3/8POL 127V Bosch,275,(11694),Loja oficialInter Level Brasil,Novo  |  +50mil vendidos,Enviado pelo,https://www.mercadolivre.com.br/furadeira-de-impacto-gsb-450-re-450w-38pol-127v-bosch/p/MLB15502196#polycard_client=search-nordic&wid=MLB4043396232&sid=search&searchVariation=MLB15502196&position=39&search_layout=grid&type=product&tracking_id=ddfa1591-8727-4562-bf92-d1c56cb67e88,4.7,"Furadeira de Impacto GSB-450RE, com potência de 450W, é mais confortável, com apenas 1,2Kg, perfura alvenaria, madeira e metal, com e sem impacto, graças ao botão comutador. Realiza, também, parafusamentos através da função de reversão e faça trabalhos contínuos com o auxílio do botão trava. Extremamente compacto para trabalhar em locais estreitos e acima da cabeça. Peso reduzido de apenas 1,2 kg para trabalhar sem fadiga. Dados TécnicosPotência nominal absorvida: 450WN° de rotações em vazio: 0 – 3.100 RPMMandril de encaixe do veio da broca: 3/8” - 24 UNFAmplitude de aperto, min./máx.: 1 – 10mmN° máx. de impactos em vazio: 0 – 49.600 IPMFaixa de perfuração:- Diâmetro de perfuração em concreto: 10mm- Diâmetro de perfuração em madeira: 20mm- Diâmetro de perfuração em aço: 10mmValores totais de vibração (Perfurar metal):- Valor de emissão de vibrações ah: 4,9m/s²- Incerteza K: 1,5m/s²Valores totais de vibração (Perfurar com percussão em concreto):- Valor de emissão de vibrações ah: 11,7m/s²- Incerteza K: 1,5m/s²Peso: 1,2 kgConteúdoFuradeira de Impacto GSB 450 RE 450W 3/8POL BOSCH",7
Furadeira E Parafusadeira De Impacto 1/2 Gsb 183 Li 18v Com Carregador Bivolt Bateria E Maleta Bosch,1.121,(919),Vendido porISMAFER,Novo  |  +5mil vendidos,Enviado pelo,https://www.mercadolivre.com.br/furadeira-e-parafusadeira-de-impacto-12-gsb-183-li-18v-com-carregador-bivolt-bateria-e-maleta-bosch/p/MLB35054624#polycard_client=search-nordic&wid=MLB3643557609&sid=search&searchVariation=MLB35054624&position=41&search_layout=grid&type=product&tracking_id=ddfa1591-8727-4562-bf92-d1c56cb67e88,4.8,"- Destaques do produto:Com seu motor de 18 V, a Bosch GSB 183-LI Professional lhe dá a potência necessária onde e quando você a quiser. Esta ferramenta elétrica a bateria e altamente versátil não só aperta parafusos em madeira, mas também pode perfurar em alvenaria e metal. Projetada para a excelência, apresenta vários recursos destinados a evitar o sobreaquecimento ou a sobrecarga, garantindo uma maior duração da bateria e menos tempo desperdiçado em reparos. A GSB 183-LI Professional é compatível com todas as baterias e carregadores de 18 V Bosch Professional para maior eficiência e rentabilidade.- Equipamento e aplicação:A potente e versátil Bosch GSB 183-LI Professional apertará parafusos com diâmetro de até 10 mm em madeira e perfura com um diâmetro de até 35 mm em madeira e de até 10 mm em alvenaria e metal. Simples de operar, é ideal para comerciantes profissionais.",12
Parafusadeira Furadeira De Impacto B-Max BM-DZ13 48v,569,(1011),Vendido porPESCELCOMERCIALEIRELI,Novo  |  +1000 vendidos,Enviado pelo,https://www.mercadolivre.com.br/parafusadeira-furadeira-de-impacto-b-max-bm-dz13-48v/p/MLB22777186#polycard_client=search-nordic&wid=MLB4544623556&sid=search&searchVariation=MLB22777186&position=50&search_layout=grid&type=product&tracking_id=ddfa1591-8727-4562-bf92-d1c56cb67e88,4.5,"Graças à sua leveza, esta ferramenta será fácil de manipular para que você obtenha resultados precisos e acabamentos perfeitos.Firmeza garantidaSendo de impacto, sua função de aparafusar é realizada aplicando uma força perpendicular ao parafuso que o deixa completamente fixo sem o risco de afrouxamento. Se algum bloqueio for detectado, a ferramenta retardará sua velocidade de rotação impedindo que o parafuso perca sua firmeza.Qualidade e versatilidadeEssa ferramenta atinge velocidades que variam de 1700rpm a 2300rpm. Além de ser a melhor opção para trabalhos domésticos de baixa ou média dificuldade, permitirá ajustar a intensidade para adaptá-lo à superfície que deseja parafusar.",9
Kit Furadeira Parafusadeira Hp333 + Carregador + 2 Baterias Cor Azul 110v/220v,764,(296),Loja oficialJ Nakao,Novo  |  +10mil vendidos,Enviado pelo,https://www.mercadolivre.com.br/kit-furadeira-parafusadeira-hp333-carregador-2-baterias-cor-azul-110v220v/p/MLB34867962#polycard_client=search-nordic&wid=MLB4732897546&sid=search&searchVariation=MLB34867962&position=7&search_layout=grid&type=product&tracking_id=ddfa1591-8727-4562-bf92-d1c56cb67e88,4.8,Kit Parafusadeira Furadeira de Impacto HP333 com 2 Baterias e Carregador MakitaParafusadeira Furadeira de Impacto à Bateria 12V HP333DWYX3 MakitaCaracterísticasProjetada com a tecnologia CXT.20 níveis de torque.Seletor de funções.2 velocidades mecânicas.Velocidade variável.Freio instantâneo.Rotação reversível.Mandril de aperto rápido.Iluminação de trabalho.Informações Técnicas- Capacidades:- Aço: 10mm;- Madeira: 21mm;- Alvenaria: 8mm;- Rotações por minuto:- Alta: 0 - 1.700;- Baixa: 0 - 450;- Impactos por minuto:- Alta: 0 - 25.500;- Baixa: 0 - 6.750;- Torque:- Junta rígida: 30 N.m;- Junta flexível: 14 N.m;- Dimensões (C x L x A): 193 x 66 x 212mm;- Peso: 1.1kg;- Bateria: 12V;- Emissão de vibrações: 13 m/s²;- Incerteza K: 1.5 m/s².Bateria Íons de Lítio 12V 1.5Ah BL1016 197413-5 MakitaCaracterísticasBateria compatível com todas as máquinas 12V CXT à bateria da Makita.Bateria íons de lítio.Encaixe tipo slide.Leve e compacta.Sem efeito memória.Informações Técnicas- Voltagem: 12V;- Amperagem: 1.5 Ah.Kit composto por:1 - Parafusadeira Furadeira de Impacto à Bateria 12V HP333DWYX3 Makita2 - Baterias 12V 1.5 Ah BL1016;1 - Carregador DC10WD.,3
Parafusadeira E Furadeira Sem Fio Bateria 12v Bivolt 3/8  10mm Com Maleta E Acessorios The Black Tools,258,(1038),Loja oficialTHE BLACK TOOLS,Novo  |  +5mil vendidos,Enviado pelo,https://www.mercadolivre.com.br/parafusadeira-e-furadeira-sem-fio-bateria-12v-bivolt-38-10mm-com-maleta-e-acessorios-the-black-tools/p/MLB42162174#polycard_client=search-nordic&wid=MLB5131114508&sid=search&searchVariation=MLB42162174&position=17&search_layout=grid&type=product&tracking_id=ddfa1591-8727-4562-bf92-d1c56cb67e88,4.7,"PARAFUSADEIRA E FURADEIRA 12V LÍTIO TB-12E COM MALETA - The Black ToolsPara quem busca praticidade e efetividade nas diversas tarefas manuais, a Parafusadeira e furadeira TB-12E 12V The Black Tools é a solução.  Com design único e exclusivo, é uma ferramenta compacta e robusta, ideal para você.  Vem com mandril de aperto rápido e design ergonômico, que garante maior conforto ao utilizar.VANTAGENS:  - Bivolt, opera com bateria recarregável de tecnologia lítio (Li-on), proporcionando maior vida útil ao produto.  - Ajuste de velocidade para mais produtividade e economia de tempo.  - LED indicativo de nível da bateria, sinalizando o momento de recarregar.  - LED embutido para clarear e ter visibilidade do local de trabalho.INDICAÇÃO:  - Controle através do seletor de reverso, que inverte o sentido de rotação.  - Seletor de torque de 18 níveis para parafusar e 1 nível para perfurar, ajustando para os tipos de trabalhos a serem realizados.  - Pode ser usada para materiais como: tijolos, madeiras, cerâmicas, metais, entre outros.ITENS INCLUSOS:  - 01 Furadeira e Parafusadeira.  - 01 Conector para bits.  - 10 Bits de parafuso.  - 01 Carregador.  - 01 Bateria.  - 04 Brocas.  - 01 Maleta.  - 01 Manual.CARACTERÍSTICAS:  - Torque máximo (N.M): 14 (Junta Flexível) / 28 (Junta Rígida).  - Diâmetro do mandril 3/8” 10mm (Aperto Rápido).  - Capacidade da Broca (mm): 10(Aço) / 25(Madeira).  - Velocidade variável e reversível.  - Indicador de carga de bateria.  - Rotação: 0-350/0-1350 RPM.  - Empunhadura Soft Grip.  - 25 + 1 opção de torque.  - Função Impacto: Não.  - LED para iluminação.  - Baterias 1300 Mah.  - Voltagem Bivolt.  OBSERVAÇÕES:  - Brocas inclusas são para uso em aço e metal.  Marca: The Black Tools  Modelo: TB-12E  Peso: 1 Kg  Dimensões (CxLxA): 16,5 x 4.5 x 19.5 cm",11
Furadeira Parafusadeira Impacto Sem Fio De 10mm Philco Ppf120mf 12v + Acessórios 110v/220v,396,(448),Loja oficialIsmafer Ferramentas,Novo  |  +1000 vendidos,Enviado pelo,https://www.mercadolivre.com.br/furadeira-parafusadeira-impacto-sem-fio-de-10mm-philco-ppf120mf-12v-acessorios-110v220v/p/MLB37872699#polycard_client=search-nordic&wid=MLB4825103922&sid=search&searchVariation=MLB37872699&position=18&search_layout=grid&type=product&tracking_id=ddfa1591-8727-4562-bf92-d1c56cb67e88,4.9,"PARAFUSADEIRA PHILCO FORCE PPF120MF 3 EM 1 1500RPMAlém de potência e eficiência, graças a bateria de Lítio de 12V e 1500mAh e 23 controles de torque de 20Nm, a Parafusadeira Philco ainda possui mandril de 10mm, de aperto rápido, sendo fácil encaixar e desencaixar a broca.3 em 1, atua como Parafusadeira, Furadeira e Furadeira com Impacto. Sem contar no speed control de gatilho com velocidade variável, para que possa ajustá-la conforme sua necessidade.Parafusos caindo e difíceis de encaixar não são mais um problema! A Parafusadeira Philco possui área magnética para suporte de parafusos na superfície.DADOS TÉCNICOS:- Função parafusadeira, furadeira e furadeira com impacto- Bateria de Lítio 12V 1500mAh- Carregador bivolt automático- 23 posições de torque na função parafusadeira- Torque máximo de 20Nm- Gatilho de acionamento com velocidade variável (speed control)- 2 opções de velocidade. Velocidade 1 até 400RPM e velocidade 2 até 1500RPM- 21000 impactos por minuto na função furadeira com impacto- Reversão de rotação- Trava de segurança contra acionamento acidental- Mandril de aperto rápido de 10mm (3/8”). Ajuste de 0,8mm até 10mm- Pega emborrachada- Presilha para pendurar no cinto- Área magnética, server como suporte para bits, parafusos entre outras peças metálicas- Lanterna Led para auxiliar nas montagens- Acompanha maleta com acessórios- Indicador de carga de bateria.",5
Chave Parafusadeira De Impacto Pneumática 1/2 Pol. Fortg,346,(498),Vendido porLOJA_DO_MECANICO_OFICIAL 2,Novo  |  +5mil vendidos,Enviado pelo,https://www.mercadolivre.com.br/chave-parafusadeira-de-impacto-pneumatica-12-pol-fortg/p/MLB28365471#polycard_client=search-nordic&wid=MLB3521722739&sid=search&searchVariation=MLB28365471&position=19&search_layout=grid&type=product&tracking_id=ddfa1591-8727-4562-bf92-d1c56cb67e88,4.8,"• Chave parafusadeira pneumática • Ferramenta de última geração com torques elevados • Robusta e resistente • Mecanismo Duplo Martelo (Twin Hammer) • Seletor de reversão • Desenvolvida especialmente para proporcionar a máxima transmissão da energia de impacto • Gatilho anatômico de fácil controle • Ideal para trabalho em borracharias, oficinas, etc • Produto desenvolvido com exclusivo padrão de qualidade • Informações Técnicas: - Eixo:1/2"" - Velocidade livre: 8.000 RPM - Torque máximo: 780 N.m , 79.6 Kgfm - Capacidade do Parafuso: 18 mm - Entrada de ar: 1/4"" - Mangueira recomendada: 3/8"" - Pressão de ar recomendada: 6 - 8 Kg/cm² , 87 - 116 PSI",5
Parafusadeira Furadeira Vonder Bateria 12v Bivolt Pfv012i Cor Amarelo Frequência 50 Hz/60 Hz 100V/240V,277,(11546),Loja oficialGrand Commerce,Novo  |  +100mil vendidos,Enviado pelo,https://www.mercadolivre.com.br/parafusadeira-furadeira-vonder-bateria-12v-bivolt-pfv012i-cor-amarelo-frequncia-50-hz60-hz-100v240v/p/MLB16369319#polycard_client=search-nordic&wid=MLB3372035741&sid=search&searchVariation=MLB16369319&position=21&search_layout=grid&type=product&tracking_id=ddfa1591-8727-4562-bf92-d1c56cb67e88,4.7,"Com esta furadeira elétrica Vonder PFV 012I você poderá executar varias tarefas em diferentes superfícies de uma maneira prática e simples. Sua potência de 1 W vai te oferecer uma grande capacidade da perfuração.Tecnologia de excelênciaSeu mandril de 10 mm permitirá que você manipule facilmente a ferramenta com segurança e precisão. Além disso, sua velocidade variável oferece uma grande experiência de uso, adaptada às suas necessidades e seus requerimentos. Versatilidade e eficiênciaUse-o para as aplicações que você desejar. Sendo uma Furadeira e parafusadeira com impacto, você poderá explorar ao máximo as suas funções e obter precisão e qualidade.Leve e fácil de manusearComo não há cabos no meio, você se sentirá mais confortável ao manipular isto. Além disso, causa menos fadiga após o uso intensivo. Não haverá problemas como não encontrar um contato ou que o cabo seja muito curto para a área onde você vai usá-lo.",11
Parafusadeira Furadeira De Impacto 3/8 20v PFV 238i Bivolt Cor Amarelo Frequência 50 Hz / 60 Hz 110v/220v,330,(150),Loja oficialDutra Maquinas,Novo  |  +1000 vendidos,Enviado pelo,https://www.mercadolivre.com.br/parafusadeira-furadeira-de-impacto-38-20v-pfv-238i-bivolt-cor-amarelo-frequncia-50-hz-60-hz-110v220v/p/MLB42156976#polycard_client=search-nordic&wid=MLB3891373151&sid=search&searchVariation=MLB42156976&position=24&search_layout=grid&type=product&tracking_id=ddfa1591-8727-4562-bf92-d1c56cb67e88,4.7,"CaracterísticasAcompanha acessórios encaixados perfeitamente na maleta, conferindo organização, praticidade e maior vida útil dos acessórios. Possui regulagem para 18 posições de torque e velocidade variável (2 velocidades). Contém 3 funções de operação: parafusadeira, furadeira sem impacto e furadeira com impacto. Possui LED para melhor visibilidade do local de trabalho, indicador de carga da bateria, cabo com revestimento emborrachado proporcionando maior conforto ao operador, bateria de íons de lítio que confere alta eficiência de operação, além de fonte de alimentação bivolt automática com tensão de entrada de 100 V~ - 240 V~.Indicada para soltar e apertar parafusos de até 8 mm de diâmetro e fazer furos em madeiras ou metais na função sem impacto e em concreto na função com impacto. Especificações TécnicasModelo: PFV 238ICapacidade do mandril: 3/8"" - 10 mmTipo de mandril: Aperto rápidoBateria: 20 V - 1,3 Ah - Íons de lítioTensão de entrada: 100 V~ - 240 V~ - Bivolt automáticoTipo de velocidade: Variável (2 velocidades)Sistema de reversão: SimRotações por minuto (rpm): 0 - 400/min / 0 - 1.400/minImpactos por minuto (ipm): 0 - 21.000/minCapacidade máxima de perfuração em aço: 10 mmCapacidade máxima de perfuração em madeira: 20 mmCapacidade de furação no concreto/alvenaria: 10 mmFrequência: 50 Hz / 60 HzAceleração transmitida nas mãos - braços do operador - ah: 11,5 m/s²Incerteza da aceleração transmitida nas mãos - braços do operador - k: 1,5 m/s²Segue norma: ABNT NBR IEC 60745-1, ABNT NBR IEC 60745-2-1 e ABNT IEC 60745-2-2Massa aproximada (peso): 1,9 kgConteúdo da Embalagem1 Parafusadeira/furadeira1 Maleta1 Bateria de 20 V1 Fonte de carregamento bivolt automática6 Brocas de aço rápido (1,5 mm, 2,5 mm, 3,0 mm, 4,0 mm, 5,0 mm e 6,0 mm)6 Bits (2 fendas (5 mm e 6 mm), 2 phillips (PH1 e PH2) e 2 pozidrive (PZ1 e PZ2)) 1 Adaptador magnético para bits encaixe de 1/4""",10
Parafusadeira e Furadeira com Impacto WAP BPFI 12K4 com Led de Iluminação Maleta Bivolt,393,(1170),Loja oficial123 Comprou,Novo  |  +5mil vendidos,Enviado pelo,https://www.mercadolivre.com.br/parafusadeira-e-furadeira-com-impacto-wap-bpfi-12k4-com-led-de-iluminaco-maleta-bivolt/p/MLB21194393#polycard_client=search-nordic&wid=MLB3273437375&sid=search&searchVariation=MLB21194393&position=27&search_layout=grid&type=product&tracking_id=ddfa1591-8727-4562-bf92-d1c56cb67e88,4.7,"A Parafusadeira e Furadeira com Impacto BPFI 12K4 é a ferramenta ideal para quem busca qualidade e eficiência. Possui tanto o modo parafusadeira quanto modo furadeira com e sem impacto, oferecendo versatilidade na hora do uso. Possui seletor de Torque com 18 níveis na função parafusar, 1 função de perfurar e 1 função de impacto, com um toque máximo de 30 Nm.Possui bateria compacta e removível de Li-íon de 12V com 1500mAh, proporcionando mais desempenho e facilidade em seu trabalho. Conta com Led de iluminação para melhorar a visibilidade do local de trabalho, além de um indicador de carga de bateria e uma pega emborrachada, proporcionando mais conforto durante utilização da ferramenta. Além disso, possui um Mandril de aperto rápido de 3/8” (10mm).Leve e robusta, apresenta dois níveis de velocidade, sendo: 0 – 400 RPM / e 0 – 1500 RPM e dois níveis de batidas por minuto na função impacto, sendo a primeira: 0 - 6000 BPM / e a segunda: 0 – 22000 BPM.Acompanha maleta completa com acessórios para facilitar o uso com a ferramenta.Ddados técnicos:Tensão: 12 vdc;- Capacidade da bateria: 1500 mah;- Frequência: 50/60 hz;- Tipo da bateria: li-ion;- Tempo de carregamento: 3-5 horas;- Mandril: 3/8"" - 10 mm;- Torque: 30 nm (3,0 kgf.m);- Número de impactos: velocidade 1: 0 - 6000 | velocidade 2: 0 - 22000;- Rotações: velocidade 1: 0 - 400 | velocidade 2: 0 - 1500;- Perfuração na madeira: ø35 mm;- Perfuração no aço: ø10 mm;- Perfuração no concreto: ø12 mm;- Cor: cinza, amarelo e preto;- Classe de isolação: classe ii;- Cubagem: 0,0032 m ³;- Peso líquido 1,1 kg;- Peso bruto: 1,8 kg;- Dimensões do produto (cxlxa): 21 x 6,9 x 22 cm;- Dimensões da embalagem (cxlxa): 20 x 7 x 23 cm;ACESSÓRIOS:- 1x Suporte Magnético de Bit 1/4"";- 1x Broca Aço Rápido 1,5 mm;- 1x Broca Aço Rápido 2,5 mm;- 1x Broca Aço Rápido 3,0 mm;- 1x Broca Aço Rápido 4 mm;- 1x Broca Aço Rápido 5 mm;- 1x Broca Aço Rápido 6 mm;- 1x Fendas (5 mm);- 1x Fendas (6 mm);- 1x Phillips (PH1);- 1x Phillips (PH2);- 1x Pozidrive (PZ1);- 1x Pozidrive (PZ2);- 1x Maleta;- 1x Carregador;- 1x Bateria desmontável compacta de Li-Ion;COMPONENTES:- Led de Iluminação;- Indicador de Carga de Bateria;- Seletor de Torque com 18 níveis na função parafusar, + 1 (Função Perfurar) + 1 (Função Impacto);- 2 níveis de velocidade;- Pega emborrachada.- Conteúdo da embalagem: -1 Parafusadeira e furadeira + acessórios + manual de instruções;",11
Furadeira Parafusadeira De Impacto 3/8 Pol. 20v Maleta/acess 110V/220V,292,(460),Vendido porLOJA_DO_MECANICO_OFICIAL 2,Novo  |  +1000 vendidos,Enviado pelo,https://www.mercadolivre.com.br/furadeira-parafusadeira-de-impacto-38-pol-20v-maletaacess-110v220v/p/MLB28711235#polycard_client=search-nordic&wid=MLB4291038190&sid=search&searchVariation=MLB28711235&position=29&search_layout=grid&type=product&tracking_id=ddfa1591-8727-4562-bf92-d1c56cb67e88,4.7,"Versátil, Compacta e Multifuncional!  Furadeira Parafusadeira de Impacto Elétrica 3/8 Pol. 10mm a Bateria 20V FortG-FG3014XS1 dupla função serve para furar diferentes superfícies e parafusar diversos materiais. Prático e funcional, é ideal para quem faz uso constante de parafusadeiras e furadeiras, sua função impacto permite melhor aplicação em superfícies resistentes e trabalhos mais pesados.  - Mandril com aperto rápido :: Facilita o ajuste de brocas ou bits com apenas um click, proporcionando mais rapidez e segurança  - 2 Velocidades Mecânicas :: Adiciona um refinamento a situação sendo um serviço profissional ou industrial.  - Freio Elétrico :: Garante a segurança do usuário fazendo com que a ferramenta pare instantaneamente após soltar o gatilho, garantindo que você consiga fazer uma furação ou aperto de parafuso sem danos ao objeto/ambiente  - LED de iluminação :: Facilita furações com difícil visibilidade de luz  - Clip para cinto :: Ideal para carregá-la sem usar as mãos garantindo a mobilidade como subir em uma escada ou até mesmo manusear o que está sendo furado como uma madeira ou tijolo.  - Cordão de segurança :: Para evitar que você em uma situação inusitada, deixe a máquina cair de suas mãos e ocasionar algum acidente ou danificar a sua máquina.  Para deixar seu trabalho mais completo e organizado, a ferramenta não podia deixar de ser acompanhada por uma maleta com travas em metal, bits de vários tipos e brocas.  - Especificações Técnicas:  :: Bateria: 20V / 1,5Ah Íons de Lítio :: Mandril: 3/8 Pol. (10mm) :: Capacidade de Perfuração Madeira: 35mm :: Capacidade de Perfuração Aço: 10mm :: Capacidade de Perfuração Alvenaria: 8mm :: Velocidade Mecânica: 0-350 rpm / 0-1350 rpm :: Taxa de Impacto: 0-21000 bpm :: Seletor de Torque: 18+3 :: Torque: 40Nm :: Controle de Velocidade :: Rotação Reversível :: Peso: 2Kg :: Medida Bit Fenda: 4, 6mm :: Medida Bit Fenda Cruzada: PH",5
Parafusadeira Furadeira De Impacto Sem Fio 2 Baterias 21v Bivolt Hanabi Cor Azul-petróleo 110v/220v,333,(22),Vendido porWIWIHOME FERRAMENTAS,Novo  |  +1000 vendidos,Enviado pelo,https://www.mercadolivre.com.br/parafusadeira-furadeira-de-impacto-sem-fio-2-baterias-21v-bivolt-hanabi-cor-azul-petroleo-110v220v/p/MLB41835318#polycard_client=search-nordic&wid=MLB3917363693&sid=search&searchVariation=MLB41835318&position=32&search_layout=grid&type=product&tracking_id=ddfa1591-8727-4562-bf92-d1c56cb67e88,4.8,"A furadeira HANABI a bateria de 21V é uma ferramenta poderosa e versátil projetada para atender às necessidades de perfuração em diversos materiais. Com um design ergonômico e compacto, proporciona conforto durante o uso prolongado e facilita o manuseio em espaços restritos.APLICAÇÕES:- Ideal para perfuração em diversos materiais, como metal, madeira e plástico.- Profissionais da construção, marcenaria, bricolagem e uso doméstico.VANTAGENS:- Facilidade de uso.- Versatilidade.- Durabilidade.- Eficiência.FICHA TÉCNICA:- Diâmetro do mandril 1.0 - 10mm- Rotação sem carga : 0-450/0-1700 RPM.- Velocidade variável e reversível.- Indicador de carga de bateria.- Empunhadura Soft Grip.- Opção de torque 18 + 3.- Função Impacto: Sim;- Bateria de 2000 mah.- Torque Max 35.N.M.- Tensão: Bivolt.- Bateria extra.- Led Iluminação.- Capacidade da Broca (mm): 10(Aço) / 25(Madeira)Marca: HANABI  Modelo: LJ-2001  Peso: 2.700 Kg  Dimensões (CxLxA): 9 x 32 x 27 cm  ITENS INCLUSOS:- 01 Conector de broca de parafuso.- 01 Carregador Bivolt.- 10 Bits de parafuso.- 02 Baterias.- 06 Brocas.- 01 Maleta.",11
"Parafusadeira E Furadeira De Impacto Wap Wf 700k10 Mandril 3/8'' 700w Cinza, Preto e Amarela 110v",264,(561),Loja oficial123 Comprou,Novo  |  +1000 vendidos,Enviado pelo,https://www.mercadolivre.com.br/parafusadeira-e-furadeira-de-impacto-wap-wf-700k10-mandril-38-700w-cinza-preto-e-amarela-110v/p/MLB34023353#polycard_client=search-nordic&wid=MLB4470796124&sid=search&searchVariation=MLB34023353&position=35&search_layout=grid&type=product&tracking_id=ddfa1591-8727-4562-bf92-d1c56cb67e88,4.6,"Parafusadeira e Furadeira de Impacto WAP WF 700K10 700W 110VA Parafusadeira e Furadeira de Impacto WAP WF 700K10 700W 110V combina potência, versatilidade e precisão para projetos de bricolagem e manutenção. Com motor de 700W, enfrenta desde madeira macia até concreto, oferecendo desempenho robusto para apertar parafusos e perfurar superfícies resistentes.A função de impacto facilita perfurações em alvenaria e concreto, enquanto o design ergonômico e a empunhadura emborrachada garantem conforto e controle durante longas sessões de trabalho. Possui configurações de torque e velocidade variável para se adaptar a diferentes materiais.Fabricada com materiais de alta qualidade e equipada com proteção contra sobrecarga, oferece segurança e durabilidade. A WAP WF 700K10 é a ferramenta ideal para elevar a eficiência em seus projetos e transformar sua experiência em manutenção e bricolagem.Caracterísitcas:Marca: WapModelo: FW009637Tipo: Furadeira e parafusadeiraCor: Cinza/AmareloPotência: 700 WCapacidade do mandril: 3/8""Tipo de velocidade: VariávelVelocidade de rotação: 3000 RPMSistema de reversão: SimCapacidade máxima de perfuração em aço: 10 mmCapacidade máxima de perfuração em madeira: 20 mmCapacidade de perfuração em concreto: 10 mmImpactos por minuto: 0 - 48.000/minIndicado para: Aço, madeira e concretoAltura da embalagem: 25,5 cmLargura da embalagem: 8 cmProfundidade da embalagem: 28 cmPeso da embalagem: 2,7 kgItens inclusos:- 01 Furadeira e Parafusadeira Wap;- 01 Chave mandril; - 01 Punho auxiliar; - 01 Régua; - 01 Maleta;- 01 Trena; - 01 Chave de fenda;- 02 Brocas;- 01 Martelo;- 01 Manual de instruções.",6
Parafusadeira E Furadeira Impacto Gradiente Gpb21vw 21v 3/8 Cor Amarelo Frequência 50/60 Hz 110v/220v,369,(15),Loja oficialTHE BLACK TOOLS,Novo  |  +100 vendidos,Enviado pelo,https://www.mercadolivre.com.br/parafusadeira-e-furadeira-impacto-gradiente-gpb21vw-21v-38-cor-amarelo-frequncia-5060-hz-110v220v/p/MLB44478860#polycard_client=search-nordic&wid=MLB5210674648&sid=search&searchVariation=MLB44478860&position=42&search_layout=grid&type=product&tracking_id=ddfa1591-8727-4562-bf92-d1c56cb67e88,5.0,"FURADEIRA PARAFUSADEIRA DE IMPACTO SEM FIO A BATERIA 21V 3/8 10MM GPB21VW COM MALETA E ACESSÓRIOS 1 BATERIA - Gradiente A furadeira Gradiente GPB21VW a bateria de 21V é uma ferramenta poderosa e versátil projetada para atender às necessidades de perfuração em diversos materiais; Com um design ergonômico e compacto, proporciona conforto durante o uso prolongado e facilita o manuseio em espaços restritos. APLICAÇÕES: - Ideal para perfuração em diversos materiais, como metal, madeira e plástico; - Profissionais da construção, marcenaria, bricolagem e uso doméstico. - 01 Broca de impacto multifuncional M8; - 04 Brocas helicoidais M2,3,4,5,6; - 01 Conector flexivel de 30 mm; - 01 Ponteira PH2+ST6 de 65 mm; - 01 Ponteira PH2 de 100 mm; - 01 Parafusadeira GPB21VW; - 01 Carregador BIVOLT; - 02 Adaptadores; - 09 Soquetes; - 01 Bateria; - 01 Manual; - 10 Bits. FICHA TÉCNICA: - Diâmetro do mandril 3/8” 10mm (aperto rápido ); - Rotação sem carga : 0-400/0-1400 RPM; - Velocidade variável e reversível ; - Indicador de carga de bateria; - Empunhadura Soft Grip; - Opção de torque 18 + 3; - Função Impacto: Sim; - Bateria de 2000 mah.; - Torque Max 35.N.M; - Tensão: Bivolt ; Marca: Gradiente Modelo: GPB21VW Peso: 1.300 Kg Dimensões (CxLxA): 25 x 6 x 20 cm",9
Parafusadeira E Furadeira De Impacto Tb-21pw 21v 3/8 The Black Tools Com Jogo De Soquetes 40 Peças,430,(352),Vendido porISMAFER FERRAMENTAS,Novo  |  +1000 vendidos,Enviado pelo,https://www.mercadolivre.com.br/parafusadeira-e-furadeira-de-impacto-tb-21pw-21v-38-the-black-tools-com-jogo-de-soquetes-40-pecas/p/MLB38482874#polycard_client=search-nordic&wid=MLB3785643697&sid=search&searchVariation=MLB38482874&position=14&search_layout=grid&type=product&tracking_id=ddfa1591-8727-4562-bf92-d1c56cb67e88,4.7,"Anúncio Composto por:- 01 Parafusadeira Furadeira de Impacto 21v 1 Bateria Tb-21PW The Black Tools Com Jogo de Soquetes Sextavado com 40 PeçasPARAFUSADEIRA FURADEIRA DE IMPACTO PROFISSIONAL 21V 1 BATERIA COM MALETA TB-21PW THE BLACK TOOLSA Furadeira Parafusadeira de Impacto 21V da The Black Tools, modelo TB21PW, uma poderosa ferramenta que vai transformar suas tarefas de perfuração e parafusamento em experiências rápidas e eficientes. Ideal para uso profissional e doméstico, a TB21PW oferece desempenho superior, durabilidade e conveniência.APLICAÇÕES:- Ideal para perfuração em diversos materiais, como metal, madeira e plástico;- Profissionais da construção, marcenaria, bricolagem e uso doméstico.ITENS INCLUSOS:- 01 Broca de impacto multifuncional M8;- 04 Brocas helicoidais M2,3,4,5,6;- 01 Conector flexivel de 30 mm;- 01 Ponteira PH2+ST6 de 65 mm;- 01 Ponteira PH2 de 100 mm;- 01 Parafusadeira TB21PX;- 01 Carregador BIVOLT;- 02 Adaptadores;- 09 Soquetes;- 01 Bateria;- 01 Manual;- 10 Bits.FICHA TÉCNICA:- Diâmetro do mandril 3/8” 10mm (aperto rápido);- Rotação sem carga : 0-400/0-1400 RPM;- Velocidade variável e reversível;- Indicador de carga de bateria;- Empunhadura Soft Grip;- Opção de torque 18 + 3;- Marca: The Black Tools- Função Impacto: Sim;- Carregador: BIVOLT- Bateria: 2.000mAh- Modelo: TB21PW- Voltagem: 21VKit Chaves Jogo Catraca Reversível Soquetes 40 Pecas MaletaJogo acompanha:14 soquetes 1/4"" : (5/32), (3/16), (7/32), (1/4), (9/32) (5/16), (11/32), (3/8), (13/32), (7/16) (15/32), (1/2), (17/32), (9/16)14 soquetes 1/4"" : 4 / 4.5 / 5 / 5.5 / 6 / 6.5 / 7 / 7.5 /8 / 9 / 10 / 11 / 12 / 13 mm3 soquetes 1/4"" : (1/4), (5/16), (3/8)2 soquetes 3/8"" : 14 / 15mm2 soquetes 3/8"" : (5/8), (11/16)1 extensão 3/8"" : 3""1 adaptador : 1/4"" - 3/81 chave Catraca : 3/8""1 Estojo organizador1 Disco",12
Furadeira De Impacto 650w Bfu01 Cor Verde Britânia 220v,129,(556),Vendido porMercado Livre Casa,Novo  |  +1000 vendidos,Enviado pelo,https://www.mercadolivre.com.br/furadeira-de-impacto-650w-bfu01-cor-verde-britnia-220v/p/MLB22645028#polycard_client=search-nordic&wid=MLB3608366581&sid=search&searchVariation=MLB22645028&position=25&search_layout=grid&type=product&tracking_id=ddfa1591-8727-4562-bf92-d1c56cb67e88,4.5,"IDEAL PARA EXECUTAR QUALQUER TRABALHO!A furadeira de impacto BFU01 da Britânia, com 650W de potência, é a ferramenta ideal para quem busca precisão e desempenho nas suas tarefas. Com design ergonômico e fácil de manusear, ela conta com mandril de 3/8” / 10mm, que deixa o aparelho ainda mais versátil, possui trava de gatilho, reversão de rotação e um cordão elétrico com 1 metro de comprimento.Além disso, essa incrível furadeira possui um diâmetro de perfuração em aço de 10mm, perfuração em madeira de 20mm e concreto de 10mm. Conta com rotação nos dois sentidos, que ajudam a inserir e remover parafusos de forma muito mais prática e ainda acompanha chave para mandril.-----------------------------------------------------------------------------------------DIMENSÕES E PESO:Altura: 21 cmLargura: 23,4 cmProfundidade: 7 cmPeso: 1,25 kgATENÇÃO:* Não acompanha maleta de plástico.",7
Parafusadeira Bateria 21v 4ah 320nm Furadeira Bivolt Sem Fio,374,(300),Loja oficialMeli Shopp,Novo  |  +1000 vendidos,Enviado pelo,https://www.mercadolivre.com.br/parafusadeira-bateria-21v-4ah-320nm-furadeira-bivolt-sem-fio/p/MLB32794466#polycard_client=search-nordic&wid=MLB3900116193&sid=search&searchVariation=MLB32794466&position=30&search_layout=grid&type=product&tracking_id=ddfa1591-8727-4562-bf92-d1c56cb67e88,4.4,"Parafusadeira Bateria 21V 4.0Ah 320Nm Furadeira Bivolt Sem FioA Furadeira Parafusadeira Profissional com Bateria de Lítio de 21V é a escolha perfeita para profissionais que demandam desempenho excepcional e mobilidade superior. Desenvolvida para atender às mais altas expectativas, esta ferramenta oferece a combinação ideal de potência, durabilidade e conveniência.A bateria de lítio de 4,0 Ah oferece não apenas uma autonomia impressionante, mas também recarregamento rápido, garantindo que a ferramenta esteja sempre pronta para uso.Construída com materiais de alta qualidade e uma construção robusta, esta furadeira parafusadeira é projetada para resistir ao desgaste contínuo em ambientes profissionais.Com um design ergonômico e leve proporciona conforto durante longas sessões de trabalho, permitindo que os profissionais atinjam resultados precisos sem sacrificar o conforto.Dimensões: 20x14cm (CxLxP) Peso: 1,750kg Especificações: - Modelo: BOM-9966 - Sem carga rpm: 0-1700/0-2300/min - Impacto: 0-2600/0-3100/min - Torque: 210/320Nm - Tipo de bateria: Lítio - Capacidade da bateria: 4Ah - Tensão de carregamento: 110V-220V - Tensão da bateria: 21V - Motor: Sem escovas - Temperatura recarregável: 0-40°C Itens Inclusos: 1 Furadeira 1 Lote 1 Broca helicoidal 1 Broca de telha 1 Manteiga de alta temperatura 1 Abraçadeira adaptador de broca e parafusos 1 Pino Fixo 1 Conversor de Lote 6 Pinos (17/18/19/20/21/22mm) - 1 de cada. 1 Fonte de Alimentação",8
Furadeira de Impacto Power Tools NFFI-07M 650W com Maleta e kit oficina Mondial 220V,326,(2207),Vendido porMercado Livre Casa,Novo  |  +10mil vendidos,Enviado pelo,https://www.mercadolivre.com.br/furadeira-de-impacto-power-tools-nffi-07m-650w-com-maleta-e-kit-oficina-mondial-220v/p/MLB9395583#polycard_client=search-nordic&wid=MLB3680895157&sid=search&searchVariation=MLB9395583&position=33&search_layout=grid&type=product&tracking_id=ddfa1591-8727-4562-bf92-d1c56cb67e88,4.6,"Item perfeito para seu kit de ferramentas!Conheça a Furadeira NFFI-07M da Mondial, a inovação que faltava em seu kit de ferramentas. Com a função Impacto, perfurar paredes de alvenaria a concreto nunca foi tão rápido e eficiente. Acompanhada de uma maleta com 11 acessórios essenciais, esta furadeira de 650W de potência é a parceira ideal para todos os seus projetos.MALETA COM 11 ACESSÓRIOS: A NFFI-07M vem acompanhada de maleta com acessórios: 1 Chave Mandril, 1 Empunhadura lateral multiposição, 1 Martelo, 1 Limitador de profundidade, 1 Trena, 1 Chave de fenda / Chave Philips e 5 Brocas.Não perca tempo com ferramentas que não entregam o que prometem. A NFFI-07M oferece Velocidade Reversível de 2.200 a 2.800 RPM e um motor robusto de 650W, garantindo alto desempenho em diversos materiais. Com mandril de 10 mm para maior precisão e capacidade de perfuração impressionante, ela é a escolha certa para quem busca qualidade e eficiência.Segurança e conforto são indispensáveis, e a NFFI-07M entende isso. Com empunhadura multiposição e trava de gatilho, ela proporciona maior controle e menos fadiga em trabalhos prolongados. Adquira a sua e sinta a diferença de ter uma ferramenta que vai além, tornando cada tarefa mais simples e cada resultado, excepcional.-----------------------------------------------DIMENSÕES E PESO:Altura: 20,5 cmLargura: 26 cmProfundidade: 7 cmPeso: 1,2 kg",8
Furadeira Martelete De Impacto 1/2 Pol 13mm Concreto E Madeira 700w 110V GYFI7000 Hammer,181,(63),Vendido porPOSITIVA COMERCIAL,Novo  |  +1000 vendidos,Enviado pelo,https://www.mercadolivre.com.br/furadeira-martelete-de-impacto-12-pol-13mm-concreto-e-madeira-700w-110v-gyfi7000-hammer/p/MLB26993672#polycard_client=search-nordic&wid=MLB3853873737&sid=search&searchVariation=MLB26993672&position=46&search_layout=grid&type=product&tracking_id=ddfa1591-8727-4562-bf92-d1c56cb67e88,4.7,"FURADEIRA COM IMPACTO 1/2 POLEGADAS (13MM) - HAMMER - FI7000Apresentamos a Furadeira de Impacto 1/2"" 13MM GYFI7000 700W Hammer. Ideal para trabalhos de furos em madeira, aço, concreto, alvenaria e plásticos. Com 700w de potência, velocidade variável de 2.200 a 2.900 rpm e sistema de reversão de velocidade.CARACTERÍSTICAS:- A trava de uso contínuo permite a utilização da furadeira de maneira contínua sem a necessidade de pressionar o gatilho.- Sua função impacto permite furar materiais de diversas densidades sem esforço.VANTAGENS:- Seu mandril comporta brocas com diâmetro de até 13mm (1/2"") e é 100% rolamentada.- Brocas de perfuração de madeira, metal, concreto e plástico podem ser usadas.FICHA TÉCNICA:- Velocidade: 2900 rpm- Potência: 700W- Mandril: 1/2""Marca: HAMMERModelo: FI7000Peso: 1,55 KgDimensões (CxLxA): 23,5 x 7 x 17 cmITENS INCLUSOS:- 01 Medidor de profundidade- 01 Furadeira Hammer- 01 Chave de mandril- 01 Empunhadura",8
Furadeira martelete parafusadeira sem fio de 13mm Makita DHP482SY,1.224,(984),Loja oficialDdMaquinas,Novo  |  +10mil vendidos,Enviado pelo,https://www.mercadolivre.com.br/furadeira-martelete-parafusadeira-sem-fio-de-13mm-makita-dhp482sy/p/MLB16369597#polycard_client=search-nordic&wid=MLB1855546628&sid=search&searchVariation=MLB16369597&position=44&search_layout=grid&type=product&tracking_id=ddfa1591-8727-4562-bf92-d1c56cb67e88,4.7,"Parafusadeira e Furadeira de Impacto DHP482SY MakitaA Parafusadeira e Furadeira de Impacto DHP482SY, da Makita, é fabricada no Brasil e acompanhada pelo carregador bivolt.  Com a tecnologia XPT, a Parafusadeira e Furadeira de Impacto DHP482SY garante maior resistência a pó e água.Características  Motor 4 pólos.  21 níveis de torque.  2 velocidades mecânicas.  Velocidade variável.  Rotação reversível.  Freio instantâneo.  Mandril de aperto rápido.  Iluminação de trabalho.  Resistente à água e poeira com a tecnologia XPT.Informações Técnicas  - Rotações por minuto:  Baixa: 0 - 600;  Alta: 0 - 1.900;  - Impactos por minuto:  Baixa: 0 - 900;  Alta: 0 - 28.500;  - Torque:  Junta rígida: 62 N.m;  Junta flexível: 36 N.m;  - Capacidades:  Concreto: 13mm;  Madeira: 38mm;  Metal: 13mm;  - Dimensões(C x L x A): 198 x 79 x 249mm;  - Peso: 1.5kg;  - Bateria: 18V.Itens Inclusos  1 - Bateria 18V 1.5 Ah;  1 - Carregador;  1 - Bit phillips;  1 - Maleta.",9
Furadeira parafusadeira sem fio de 6mm Bosch GSR 1000 12V + 1 batería de 1.5Ah + acessório com maleta de transporte 50Hz,401,(740),Vendido porECOMNOMIZE INC.,Novo  |  +10mil vendidos,Enviado pelo,https://www.mercadolivre.com.br/furadeira-parafusadeira-sem-fio-de-6mm-bosch-gsr-1000-12v-1-bateria-de-15ah-acessorio-com-maleta-de-transporte-50hz/p/MLB16590915#polycard_client=search-nordic&wid=MLB3917357343&sid=search&searchVariation=MLB16590915&position=22&search_layout=grid&type=product&tracking_id=ddfa1591-8727-4562-bf92-d1c56cb67e88,4.7,0,12
Furadeira parafusadeira sem fio Deko DEKO-DKCD20ID01-5S3 + 2 baterías de 1.5Ah com maleta de transporte,346,(651),Vendido porLOJA_DO_MECANICO_OFICIAL 2,Novo  |  +5mil vendidos,Enviado pelo,https://www.mercadolivre.com.br/furadeira-parafusadeira-sem-fio-deko-deko-dkcd20id01-5s3-2-baterias-de-15ah-com-maleta-de-transporte/p/MLB23018480#polycard_client=search-nordic&wid=MLB3933088166&sid=search&searchVariation=MLB23018480&position=45&search_layout=grid&type=product&tracking_id=ddfa1591-8727-4562-bf92-d1c56cb67e88,4.6,"É indicada para aperto e desaperto de parafusos, como também realizar perfurações de forma precisa e com ótimo resultado. Possui mandril 3/8"" (10mm) de aperto rápido facilitando o ajuste da broca/bit na ferramenta. Seu LED auxilia na iluminação, para facilitar o trabalho em locais com pouca iluminação. Função de 2 velocidades mecânicas, indicador de carga de bateria, controle de velocidade e rotação reversível.- Especificações Técnicas::: Voltagem: 20V:: Torque Máximo: 40 Nm:: Rotação: 0-350/0-1350 rpm:: Mandril: 3/8"" - 10mm:: Capacidade Máxima de perfuração, Madeira: 50mm:: Capacidade Máxima de perfuração, Aço: 13mm:: Capacidade Máxima de perfuração, Concreto: 10mm:: Seletor de Ajuste de Torque: 18+1:: Bateria: Lítio íon- Conteúdo da Embalagem::: 1 Parafusadeira Furadeira:: 2 Baterias 20V 1.5Ah:: 1 Carregador Bivolt",6
Chave De Impacto Pneumática 1/2 79kg Torque Cor Verde Frequência 780 110V/220V,295,(156),Vendido porDHS EQUIPAMENTOSAUTOMOTIVOS,Novo  |  +1000 vendidos,0,https://www.mercadolivre.com.br/chave-de-impacto-pneumatica-12-79kg-torque-cor-verde-frequncia-780-110v220v/p/MLB28015139#polycard_client=search-nordic&wid=MLB4297453892&sid=search&searchVariation=MLB28015139&position=48&search_layout=grid&type=product&tracking_id=ddfa1591-8727-4562-bf92-d1c56cb67e88,4.8,"Chave de Impacto Pneumática 1/2 Pol 79,6 Kg 780 N.M POTENTE-PN120178RMecanismo de Martelo Duplo e Exaustão FrontalDireção de fácil Ajuste, botão liga / desligaIdeal para Manutenção GeralDesenho ErgonômicoRegulagem de Torque em 5 NíveisEncaixe do Soquete: 1/2""Sistema de Martelo: Twin Hammer (Martelo Duplo)Torque Máximo: 780 N.M 78,6 KgfmVelocidade Livre: 7500 RPMPressão de Trabalho: 6 - 8 KG / cm 85 - 113 PSIEntrada de ar: 1/4""Consumo Máximo de Ar: 4.0 cfmPeso Líquido: 2,6 KgMangueira Recomendada: (Pol/mm) 3/8"" 10MM",3
"Furadeira Parafusadeira Com Kit Brocas, Bits E Trena Vonder  PFV 012",272,(93),Loja oficialPalácio das Ferramentas,Novo  |  +500 vendidos,Enviado pelo,https://www.mercadolivre.com.br/furadeira-parafusadeira-com-kit-brocas-bits-e-trena-vonder-pfv-012/p/MLB39204211#polycard_client=search-nordic&wid=MLB3809372529&sid=search&searchVariation=MLB39204211&position=43&search_layout=grid&type=product&tracking_id=ddfa1591-8727-4562-bf92-d1c56cb67e88,4.8,"Furadeira e Parafusadeira Bateria 12V BIVOLT PFV 012 Com Kit Brocas, Bits e Trena VONDERIndicada para soltar e apertar parafusos de até 6 mm de diâmetro e fazer furos em madeiras ou metais.  Tempo de carregamento da bateria: 3 a 5 horas.  Possui regulagem para 18 posições de torque e 1 posição para perfuração, LED para melhor visibilidade do local de trabalho, cabo com revestimento emborrachado, proporcionando maior conforto ao operador, bateria de íons de lítio que confere alta eficiência de operação, indicador de carga da bateria, além de carregador bivolt automático com tensão de entrada de 100 V - 240 V.  Sistema de reversão Reversível.ACOMPANHA:  1 Parafusadeira/furadeira PFV 012.  1 maleta.  1 bateria de 12V.  1 fonte bivolt automática.  6 brocas de aço rápido (1,5 mm, 2,5 mm, 3,0 mm, 4,0 mm, 5,0 mm e 6,0 mm).  6 bits (2 fendas (5 mm e 6 mm), 2 phillips (PH1 e PH2) e 2 pozidrive (PZ1 e PZ2)).  1 soquete magnético encaixe de 1/4 pol.  1 Trena.  10 Brocas 3mmDETALHES TÉCNICOS:  Tensão da bateria: 12,0V.  Tipo de bateria: Bateria de íons de lítio.  Capacidade do mandril: 3/8 pol - 10 mm.  Tipo de mandril: Aperto rápido.  Torque máximo/ força de aperto: 23 N.m (2,3 kgf.m).  Capacidade máxima de perfuração em aço: 10,0 mm.  Capacidade máxima de perfuração em madeira: 16,0 mm.  Capacidade de furação no concreto: N/A.  Tipo de velocidade: Variável.  Rotação da Furadeira/parafusadeira: 0 - 650 rpm.  Sistema de reversão: Reversível.  Impactos por minuto (ipm): N/A.  Tensão do carregador de bateria: 100 V - 240 V- Bivolt automático.  Frequência (Hz): 50 Hz/60 Hz.  Segue norma: ABNT NBR IEC 60745-1, ABNT NBR IEC 60745-2-1 e ABNT NBR IEC 60745-2-2.  Massa aproximada: 1,09 kg.",4
Kit Furadeira Parafusadeira Impacto Sem Fio Bosch GSB 183-LI Cor Azul Bivolt Frequência 50 Hz / 60 Hz,778,(143),Loja oficialDutra Maquinas,Novo  |  +500 vendidos,Enviado pelo,https://www.mercadolivre.com.br/kit-furadeira-parafusadeira-impacto-sem-fio-bosch-gsb-183-li-cor-azul-bivolt-frequncia-50-hz-60-hz/p/MLB35730584#polycard_client=search-nordic&wid=MLB3798505855&sid=search&searchVariation=MLB35730584&position=47&search_layout=grid&type=product&tracking_id=ddfa1591-8727-4562-bf92-d1c56cb67e88,4.7,"Furadeira e Parafusadeira de Impacto BOSCH à Bateria GSB 183-LI 1B e 23 AC - 06019K91E5-000Parafusadeira Furadeira Elétrica 1/2 Pol. 13mm a Bateria 18V Bosch-GSR 180-LI com dupla função serve para furar diferentes superfícies e parafusar diversos materiais. Prático e funcional, é ideal para quem faz uso constante de parafusadeiras e furadeiras.Indicada para Construção Civil, Oficinas, Marcenaria, Metal Mecânica e também serviços de Montagens e Desmontagens de Móveis.- Características::: Velocidade Variável:: 2 Velocidades:: Controle de Torque :: Tempo de uso: até 91% mais trabalho por carga :: Exclusivo sistema de troca fácil da escova de carvão.:: Sistema de proteção da bateria: protege a bateria contra superaquecimento, garantindo maior vida útil.:: Compatível com todas as baterias Bosch 18V:: O maior torque da categoria 54Nm e manutenção prática e econômica graças a fácil troca de escovas de carvão:: Gatilho eletrônico com velocidade variável e reversível, duas velocidades.:: Mandril de aperto rápido sem necessidade de chave :: Luz LED que permite maior visibilidade- Uso indicado / Aplicação em material::: Perfuração e parafusamentos em metal e madeira:: Marcenarias - Público Alvo::: Empresas de montagem e manutenção industrial:: Aperto de parafusos em geral.:: Instalação de sistemas de segurança e ar condicionado:: Montadores de móveis:: Carpinteiros- Especificações Técnicas::: Bateria Íons de Lítio: 18V / 2,0Ah :: Carregador: Bivolt:: Mandril: 1/2 Pol. - 13mm:: Torque Máx.: 54Nm:: Torque Min.: 21Nm:: Configurações de torque: 20+1:: Nr. de Rotações (sem carga) Min.-Máx.: 0-450 / 1700rpm :: Diâmetro max. perfuração madeira: 35mm:: Diâmetro max. perfuração aço: 10mm:: Diâmetro máximo do parafuso: 10mm:: Tipo de Mandril / Sistema de encaixe: Aperto RápidoConteúdo da Embalagem:: 1 Furadeira de impacto GSB 183-LI:: 1 bateria 18V de 2,0 Ah:: 1 carregador bivolt GAL 18V-20:: Kit com 10 bits:: 1 extensor para bits:: kit com 12 brocas (4 para madeira, 4 para metal e 4 para alvenaria)",8
Furadeira Parafusadeira Impacto 18v Brushless Gsb 185 Bosch Cor Azul Bivolt,1.160,(301),Loja oficialTork Tools,Novo  |  +1000 vendidos,Enviado pelo,https://www.mercadolivre.com.br/furadeira-parafusadeira-impacto-18v-brushless-gsb-185-bosch-cor-azul-bivolt/p/MLB27982916#polycard_client=search-nordic&wid=MLB3576255607&sid=search&searchVariation=MLB27982916&position=49&search_layout=grid&type=product&tracking_id=ddfa1591-8727-4562-bf92-d1c56cb67e88,4.8,"Parafusadeira e Furadeira Impacto 1/2"" com 2 Bateria 18v 2Ah Carregador Bivolt e Maleta Bosch GSB185-LI 06019K31E5A nova pequena GIGANTE!Mais força e um tamanho surpreendente!A furadeira e parafusadeira 18V é mais rápida, leve e fácil de usar!Sua velocidade chega a 1.900 rotações por minuto (RPM), com impacto de até 27.000 batidas por minuto (BPM) que maximiza a eficiência no local de trabalho, especialmente ao parafusar ou perfurar madeira, metal e alvenaria.PRINCIPAIS CARACTERÍSTICAS:Mandril metálico: travamento perfeito do acessório além de muito mais durabilidade e robustezMotor Brushless: sem escovas de carvão, o dobro de vida útil e maior autonomia!Leve e compacta: seu tamanho e peso reduzidos levam a força do 18V aos locais mais estreitos com muito mais ergonomia e confortoPosição estratégica do LED: localizado na base da ferramenta proporcionando iluminação perfeita do furo e/ou parafusamento sem sombras!Feedback do Status da Ferramenta: A luz de LED também serve para indicar o status da bateria e da ferramentaProteção eletrônica das células (ECP): proteção eletrônica da bateria contra superaquecimento e sobrecarga para maior vida útil.IDEAL PARA:Perfurações e parafusamentos em MDF, madeira, metal .Fixação de acessórios e ferragens, perfuração de placas de drywall e fixação de peças em alvenaria.Ficha Técnica:Voltagem da bateria: 18VTorque (suave/duro/máx.): 21/50NmN de rotações em vazio (1 velocidade /2 velocidade): 0 500 / 0 1.900 rpmPeso sem bateria: 0,89kgConfigurações de Torque: 20Tipo de bateria: LítioAmplitude de aperto, min./máx.: 1,5 / 13mmCapacidade de perfuração:máx. de perfuração em madeira: 35mmmáx. de perfuração em aço: 10mmmáx. de perfuração em alvenaria: 10mmCapacidade de parafusar:máximo do parafuso: 10mmAcompanha:01 - Parafusadeira Furadeira Impacto 18V GSB 185-LI;01- Carregador GAL 18V-20;02- Baterias GBA 18V 2.0Ah;01- Mala de Transporte.",9
Furadeira Martelete Parafusadeira Sem Fio De 10mm Philco  PPF03 12v Cor Azul Frequência 60Hz 110V/220V,222,(2079),Loja oficialIsmafer Ferramentas,Novo  |  +50mil vendidos,Enviado pelo,https://www.mercadolivre.com.br/furadeira-martelete-parafusadeira-sem-fio-de-10mm-philco-ppf03-12v-cor-azul-frequncia-60hz-110v220v/p/MLB16369315#polycard_client=search-nordic&wid=MLB4457787134&sid=search&searchVariation=MLB16369315&position=3&search_layout=grid&type=product&tracking_id=ddfa1591-8727-4562-bf92-d1c56cb67e88,4.7,"PARAFUSADEIRA PHILCO FORCE PPF03 3 EM 1 FURADEIRA IMPACTOA Parafusadeira Philco PPF03 também é furadeira e furadeira de impacto. Ela é 3 em 1, com 18 controles de torque e funções de furadeira com e sem impacto, características que possibilitam fazer mais combinações de funções. Sua bateria de lítio de 12V é de alta duração para você colocar em prática suas ideias e realizar reparos sem se preocupar com o tempo. Além disso, em áreas mais escuras, a função Lanterna ajuda a não errar. E para serviços mais difíceis, a reversão de rotação traz mais versatilidade ao uso. Potência e robustez.DADOS TÉCNICOS:- Rotação: 1500RPM- Torque: 16,5Nm- Sistema de reversão de rotação, para montagens e desmontagens- Mandril de aperto rápido 10mm (3/8”)- 18 ajustes de torque- Funções: parafusadeira, furadeira, furadeira com impacto- Chave limitadora de torque e rotação- Ajuste eletrônico de velocidade na chave- Lanterna de LED para auxiliar em montagens- Empunhadura emborrachada- Indicador de carga de bateria- Acompanha carregador bivolt- Bateria 12V, 1500mahMarca: PHILCO  Modelo: PPF03  Dimensões do produto(AxLxC): 18cm x 20cm x 5,5cm  Peso: 0,95 Kg  SKU: 23673",6
